class,order,family,genus,species,rank,author,sci_name,S_001_01,S_001_02,S_001_03,S_002_01,S_002_02,S_002_03,S_003_01,S_003_02,S_003_03,S_004_01,S_004_02,S_004_03,S_005_03,S_005_02,S_005_01,S_006_01,S_006_02,S_006_03,S_007_01,S_007_02,S_007_03,S_008_01,S_008_02,S_008_03,S_009_01,S_009_02,S_009_03,S_010_01,S_011_01,S_012_01,S_013_01,S_013_02,S_014_01,S_015_01,S_016_01,S_017_01,S_018_01,S_018_02,S_021_01,S_022_01,S_023_01,S_024_01,S_025_01,S_026_01,S_027_01,S_027_02,S_028_01,S_029_01,S_029_02,S_030_01,S_030_02,S_032_01,S_032_02,S_031_01,S_033_01,S_034_01,S_035_01,S_039_01,S_040_01,S_040_02,S_041_01,S_041_02,S_046_01,S_046_02,S_047_01,S_047_02,S_048_01,S_048_02
Liliopsida,Asparagales,Iridaceae,Iris,pumila,SPECIES,L.,Iris pumila L.,0,0,10,0,0,0,0,0,0,0,0,0,0,0,0,0,0,0,0,0,0,0,0,0,0,0,0,0,0,0,0,0,0,0,0,0,0,0,0,0,0,0,0,0,0,0,0,0,0,0,0,0,0,0,0,0,0,0,0,0,0,0,0,0,0,0,0,0
Liliopsida,Poales,Cyperaceae,Carex,supina,SPECIES,Willd. ex Wahlenb.,Carex supina Willd. ex Wahlenb.,10,7,0,0,0,0,0,0,0,0,0,0,0,0,0,0,0,0,0,0,0,0,0,0,0,0,0,0,0,0,0,0,0,0,0,0,0,0,0,0,0,0,0,0,0,0,0,0,0,0,0,0,0,0,0,0,0,0,0,0,0,0,0,0,0,0,0,0
Liliopsida,Poales,Poaceae,Bromus,inermis,SPECIES,Leyss.,Bromus inermis Leyss.,1,0,3,0,15,0,20,10,15,0,0,0,0,0,0,0,0,0,0,0,0,0,0,0,0,0,0,0,0,0,0,0,1,0,0,0,0,0,0,0,10,0,0,0,0,15,0,13,0,0,0,10,4,2,0,0,4,0,0,0,0,0,5,0,10,0,0,0
Liliopsida,Poales,Poaceae,Bromus,riparius,SPECIES,Rehmann,Bromus riparius Rehmann,15,7,10,0,0,0,15,7,0,0,0,0,0,0,3,0,0,0,0,0,0,0,0,0,0,0,0,0,0,0,10,0,7,25,14,13,20,0,0,0,15,0,15,0,0,0,5,16,0,0,0,12,15,4,20,20,5,0,0,0,0,0,0,0,0,0,0,0
Liliopsida,Poales,Poaceae,Festuca,rupicola,SPECIES,Heuff.,Festuca rupicola Heuff.,0,5,1,0,5,15,0,0,0,0,0,0,0,0,0,0,0,1,0,0,0,0,0,0,0,0,0,0,0,0,0,0,5,0,0,0,0,0,0,0,0,0,0,0,0,20,0,0,6,0,0,0,0,0,0,0,0,0,0,0,0,0,0,0,0,0,0,0
Liliopsida,Poales,Poaceae,Festuca,valesiaca,SPECIES,Schleich. ex Gaudin,Festuca valesiaca Schleich. ex Gaudin,40,20,10,70,30,60,40,10,0,70,60,40,60,50,50,70,70,40,25,20,35,0,0,0,7,0,0,6,0,5,15,50,20,40,10,50,15,20,18,30,60,10,20,0,25,50,0,20,12,35,7,65,70,60,15,45,65,55,30,35,0,0,65,50,60,45,45,45
Liliopsida,Poales,Poaceae,Koeleria,pyramidata,SPECIES,(Lam.) P.Beauv.,Koeleria pyramidata (Lam.) P.Beauv.,0,0,5,5,0,0,0,0,0,15,0,0,0,0,0,0,0,0,0,0,0,0,0,0,0,0,0,0,0,0,0,0,0,0,0,0,0,6,0,0,0,0,0,0,0,0,0,0,0,0,0,0,20,6,7,10,0,10,0,0,0,0,0,7,5,5,10,0
Liliopsida,Poales,Poaceae,Poa,angustifolia,SPECIES,L.,Poa angustifolia L.,0,5,0,0,3,0,0,25,25,0,0,0,0,0,0,0,0,11,0,0,0,3,0,0,0,0,0,65,20,20,0,0,0,0,0,0,0,0,25,0,30,7,8,0,50,14,0,60,20,0,20,0,0,22,0,0,0,0,0,0,0,0,0,0,15,0,0,0
Liliopsida,Poales,Poaceae,Stipa,dasyphylla,SPECIES,(Lindem.) Czern. ex Trautv.,Stipa dasyphylla (Lindem.) Czern. ex Trautv.,5,25,7,0,0,0,0,0,0,0,0,0,0,0,0,0,0,0,0,0,0,0,0,0,0,0,0,0,0,0,0,0,0,0,0,0,0,0,0,0,0,0,0,0,0,0,0,0,0,0,0,0,0,0,0,0,0,0,0,0,0,0,0,0,0,0,0,0
Liliopsida,Poales,Poaceae,Stipa,lessingiana,SPECIES,Trin. & Rupr.,Stipa lessingiana Trin. & Rupr.,3,15,25,0,0,0,0,0,0,0,0,8,0,5,0,5,8,0,50,60,0,0,0,0,20,0,0,0,0,0,0,0,60,15,35,20,30,20,0,0,0,0,6,0,0,0,9,0,0,0,0,0,0,0,0,0,0,0,0,0,0,0,15,10,7,0,0,15
Liliopsida,Poales,Poaceae,Stipa,pulcherrima,SPECIES,K.Koch,Stipa pulcherrima K.Koch,0,0,10,0,0,0,0,0,0,0,0,0,0,0,0,0,2,0,0,0,0,0,0,0,0,0,0,0,0,0,0,0,0,0,0,0,0,0,0,0,0,0,0,0,0,0,0,0,0,0,0,0,0,0,0,0,0,0,0,0,0,0,0,0,0,0,0,0
Liliopsida,Poales,Poaceae,Stipa,ucrainica,SPECIES,P.A.Smirn.,Stipa ucrainica P.A.Smirn.,0,0,5,0,0,0,0,0,0,0,0,0,0,0,0,0,0,0,0,0,0,0,0,0,0,0,0,0,0,0,0,0,0,5,0,0,0,15,0,0,0,0,0,0,0,0,0,0,0,0,0,0,0,0,0,0,0,0,20,0,0,0,0,0,0,0,0,0
Liliopsida,Poales,Poaceae,Stipa,zalesskii,SPECIES,Wilensky,Stipa zalesskii Wilensky,5,0,0,0,0,0,0,0,0,0,0,0,0,0,0,0,0,0,0,0,0,0,0,0,10,0,0,0,0,0,0,0,0,0,0,0,0,0,0,0,0,0,0,0,0,0,0,0,0,0,0,0,0,0,0,0,0,0,0,0,0,0,10,0,0,0,0,0
Liliopsida,Poales,Poaceae,Thinopyrum,intermedium,SPECIES,(Host) Barkworth & D.R.Dewey,Thinopyrum intermedium (Host) Barkworth & D.R.Dewey,0,0,10,0,0,0,0,0,0,0,0,0,0,0,0,0,0,0,0,0,0,0,0,0,0,0,0,0,0,0,0,0,0,0,0,0,0,0,25,0,0,0,0,0,0,0,0,0,0,0,0,0,0,0,0,0,0,0,0,0,0,0,0,0,0,0,0,0
Magnoliopsida,Apiales,Apiaceae,Eryngium,campestre,SPECIES,L.,Eryngium campestre L.,5,5,0,5,7,0,1,0,0,0,2,3,0,5,4,0,0,0,0,0,3,0,0,0,0,0,0,0,0,0,7,3,11,0,0,5,15,4,2,4,0,0,0,0,0,0,0,0,3,25,0,8,6,30,3,13,6,20,0,0,0,0,10,5,1,6,0,0
Magnoliopsida,Apiales,Apiaceae,Falcaria,vulgaris,SPECIES,Bernh.,Falcaria vulgaris Bernh.,0,5,1,0,0,0,0,3,0,0,0,0,6,0,0,7,0,5,0,7,0,0,0,0,0,0,0,0,0,0,2,0,6,2,0,5,0,0,0,6,0,0,0,0,4,0,0,0,0,0,0,2,0,0,0,4,0,0,0,7,0,0,6,0,5,0,0,3
Magnoliopsida,Apiales,Apiaceae,Ferulago,galbanifera,SPECIES,(Mill.) W.D.J.Koch,Ferulago galbanifera (Mill.) W.D.J.Koch,1,3,0,3,10,0,0,0,0,0,0,0,0,0,0,0,0,0,0,0,0,0,0,0,0,0,0,0,0,0,0,0,0,0,0,0,0,0,0,0,3,4,2,0,3,0,0,0,0,0,0,0,0,0,0,0,0,0,0,0,0,0,0,0,0,0,0,0
Magnoliopsida,Asterales,Asteraceae,Candollea,mollis,SPECIES,(M.Bieb.) Yild.,Candollea mollis (M.Bieb.) Yild.,3,0,0,0,0,0,0,0,0,0,0,0,0,0,0,0,0,0,0,0,0,0,0,0,0,0,0,0,0,0,0,0,0,0,0,0,0,0,0,0,0,0,0,0,0,0,0,0,0,0,0,0,0,0,0,0,0,0,0,0,0,0,0,0,0,0,0,0
Magnoliopsida,Asterales,Asteraceae,Centaurea,orientalis,SPECIES,L.,Centaurea orientalis L.,0,0,2,0,0,0,0,0,0,0,0,0,0,0,0,0,0,0,0,0,0,0,0,0,0,0,0,0,0,0,0,2,0,0,0,0,0,0,0,0,0,0,0,0,0,0,0,0,0,0,0,0,5,0,0,0,0,0,0,0,0,0,0,0,0,0,0,3
Magnoliopsida,Asterales,Asteraceae,Galatella,villosa,SPECIES,(L.) Rchb.fil.,Galatella villosa (L.) Rchb.fil.,10,15,5,0,0,0,0,0,0,0,0,0,0,0,0,0,0,0,0,0,0,0,0,0,0,0,0,0,0,0,15,0,0,0,6,0,5,0,0,40,0,10,0,0,0,0,14,0,0,0,0,0,0,0,0,15,0,5,0,0,0,0,0,0,0,0,0,10
Magnoliopsida,Asterales,Asteraceae,Jurinea,arachnoidea,SPECIES,Bunge,Jurinea arachnoidea Bunge,0,0,1,0,0,0,0,0,0,0,0,0,0,0,0,0,0,0,0,0,0,0,0,0,0,0,0,0,0,0,0,0,0,0,0,0,0,0,0,0,0,0,0,0,0,0,0,0,0,0,0,0,0,0,3,0,0,0,0,0,0,0,0,0,0,0,0,0
Magnoliopsida,Boraginales,Boraginaceae,Nonea,pulla,SPECIES,(L.) DC.,Nonea pulla (L.) DC.,1,0,1,0,0,0,0,0,0,0,0,0,0,0,0,0,0,0,0,0,0,0,0,0,0,0,0,0,0,0,0,0,0,0,0,0,0,0,0,0,0,0,0,0,0,0,0,0,0,0,0,0,0,0,0,0,0,0,0,0,0,0,0,0,0,0,0,0
Magnoliopsida,Caryophyllales,Caryophyllaceae,Eremogone,biebersteinii,SPECIES,(Schltdl.) Holub,Eremogone biebersteinii (Schltdl.) Holub,0,5,0,0,0,0,0,0,0,0,0,0,0,0,0,0,0,0,0,0,0,0,0,0,0,0,0,0,0,0,0,0,0,0,0,0,0,0,0,0,0,0,0,0,0,0,0,0,0,0,0,0,0,0,0,0,0,0,0,0,0,0,0,0,0,0,0,0
Magnoliopsida,Fabales,Fabaceae,Astragalus,ucrainicus,SPECIES,Popov & Klokov,Astragalus ucrainicus Popov & Klokov,0,3,1,1,0,0,0,0,0,0,0,0,0,0,0,0,0,0,0,0,0,0,0,0,0,0,0,0,0,0,0,0,0,0,4,0,7,0,0,0,0,0,5,0,0,0,0,0,0,0,0,0,0,0,10,9,0,0,0,0,0,0,0,0,0,7,0,0
Magnoliopsida,Fabales,Fabaceae,Caragana,frutex,SPECIES,(L.) K.Koch,Caragana frutex (L.) K.Koch,0,0,3,0,0,0,0,0,0,0,9,8,0,0,0,0,0,0,0,0,0,0,0,0,0,0,0,0,0,0,0,0,0,0,0,10,0,0,0,0,0,0,0,0,0,0,0,0,0,0,0,0,0,0,6,0,0,0,0,0,0,0,0,0,0,0,0,0
Magnoliopsida,Fabales,Fabaceae,Caragana,scythica,SPECIES,(Kom.) Pojark.,Caragana scythica (Kom.) Pojark.,0,7,0,0,0,0,0,0,0,0,0,0,0,0,0,0,0,0,0,0,0,0,0,0,0,0,0,0,0,0,0,0,0,0,0,0,0,0,0,18,0,0,0,0,0,0,0,0,0,0,0,0,0,0,0,0,0,0,0,0,0,0,0,0,0,0,0,0
Magnoliopsida,Fabales,Fabaceae,Coronilla,varia,SPECIES,L.,Coronilla varia L.,5,0,0,0,0,0,0,0,0,0,9,0,0,0,0,0,0,12,0,0,0,0,0,6,0,0,0,25,20,0,0,0,10,6,0,0,0,9,0,0,0,0,0,0,15,0,0,0,8,0,13,13,0,0,5,0,0,0,2,0,10,15,0,0,0,0,0,5
Magnoliopsida,Gentianales,Apocynaceae,Vinca,herbacea,SPECIES,Waldst. & Kit.,Vinca herbacea Waldst. & Kit.,0,0,7,0,0,0,0,0,0,0,0,0,0,0,0,0,0,0,0,0,0,0,0,0,3,0,0,0,0,0,0,0,0,3,0,0,0,0,0,0,0,0,0,0,0,0,0,0,0,0,0,0,0,0,5,0,0,0,0,0,0,0,0,0,0,0,0,0
Magnoliopsida,Gentianales,Apocynaceae,Vincetoxicum,hirundinaria,SPECIES,Medik.,Vincetoxicum hirundinaria Medik.,0,0,3,0,0,0,0,0,0,0,0,0,0,0,0,0,0,0,0,0,0,0,0,0,0,12,0,0,0,0,0,0,0,0,0,0,0,0,0,0,0,0,0,0,0,0,0,0,0,0,0,0,0,0,0,0,0,0,0,0,0,0,0,0,0,0,0,0
Magnoliopsida,Gentianales,Rubiaceae,Galium,verum,SPECIES,L.,Galium verum L.,5,5,3,0,0,0,0,0,0,0,6,0,0,0,0,0,0,0,0,0,0,0,0,0,5,0,0,0,0,0,5,0,0,0,0,0,0,8,0,16,0,0,0,0,0,5,0,0,0,0,0,0,0,0,0,0,0,0,0,0,0,0,6,30,7,0,4,6
Magnoliopsida,Lamiales,Lamiaceae,Ajuga,chamaepitys,SPECIES,(L.) Schreb.,Ajuga chamaepitys (L.) Schreb.,0,0,1,0,7,0,0,0,0,0,0,0,0,0,0,0,0,0,0,0,0,0,0,0,0,0,0,0,0,0,0,0,0,0,0,0,0,0,0,0,0,0,0,0,0,0,0,0,0,0,0,0,0,0,0,0,0,0,0,0,0,0,0,0,0,0,0,0
Magnoliopsida,Lamiales,Lamiaceae,Marrubium,peregrinum,SPECIES,L.,Marrubium peregrinum L.,0,3,3,0,0,0,0,0,5,0,0,5,0,0,0,0,0,0,0,0,0,0,0,0,5,0,0,0,0,0,5,0,15,8,11,0,3,0,0,0,5,0,0,0,15,6,0,10,0,0,0,0,0,0,0,8,0,0,0,0,0,0,0,0,0,0,0,0
Magnoliopsida,Lamiales,Lamiaceae,Nepeta,ucranica,SPECIES,L.,Nepeta ucranica L.,0,0,5,0,0,0,0,0,0,0,0,0,0,0,0,0,0,0,0,0,0,0,0,0,0,0,0,0,0,0,0,0,0,0,6,0,0,0,0,0,0,0,0,0,0,0,0,0,0,0,0,0,0,0,0,0,0,0,0,0,0,0,0,0,0,0,0,0
Magnoliopsida,Lamiales,Lamiaceae,Phlomis,herba-venti,SPECIES,L.,Phlomis herba-venti L.,0,7,10,0,0,0,0,0,10,0,0,0,0,0,1,0,0,0,0,0,0,0,0,0,0,0,0,0,0,0,0,0,6,6,7,0,0,6,0,6,18,0,0,0,20,14,0,0,5,0,0,0,0,0,0,0,0,0,0,0,0,0,0,0,0,0,0,0
Magnoliopsida,Lamiales,Lamiaceae,Phlomoides,tuberosa,SPECIES,(L.) Moench,Phlomoides tuberosa (L.) Moench,0,0,1,0,0,0,0,0,0,0,0,0,0,0,0,0,0,0,0,0,0,0,0,0,0,0,0,0,0,0,0,3,0,0,0,0,0,2,0,4,0,0,0,0,0,0,0,0,0,0,0,0,0,0,0,0,0,0,7,1,0,0,0,0,0,0,0,2
Magnoliopsida,Lamiales,Lamiaceae,Salvia,nemorosa,SPECIES,L.,Salvia nemorosa L.,0,0,3,0,0,0,3,0,1,4,6,0,0,0,0,10,5,0,15,7,8,0,0,0,0,0,0,3,0,4,0,7,10,0,0,0,0,5,2,0,7,0,0,0,7,25,0,7,5,15,7,8,0,0,0,0,2,0,0,0,0,0,0,0,0,0,0,0
Magnoliopsida,Lamiales,Lamiaceae,Salvia,nutans,SPECIES,L.,Salvia nutans L.,1,15,7,0,0,0,1,0,0,0,0,30,0,0,0,0,0,0,5,0,15,0,0,0,6,0,0,0,0,0,25,0,0,25,20,12,25,0,0,3,30,13,0,0,15,0,10,0,0,0,0,0,0,0,17,15,0,0,5,0,0,0,10,0,0,0,0,4
Magnoliopsida,Lamiales,Lamiaceae,Stachys,recta,SPECIES,L.,Stachys recta L.,7,7,3,0,0,0,0,0,10,0,1,5,0,0,5,8,14,8,0,0,0,0,0,0,0,0,0,0,0,0,0,0,0,0,2,0,0,0,0,0,8,10,5,0,18,5,0,0,0,0,0,0,0,0,3,0,0,0,0,0,0,0,0,0,0,0,0,2
Magnoliopsida,Lamiales,Lamiaceae,Thymus,dimorphus,SPECIES,Thymus ×dimorphus Klokov & Des.-Shost.,Thymus dimorphus Thymus ×dimorphus Klokov & Des.-Shost.,0,5,5,0,0,0,0,0,0,7,20,0,0,0,0,0,0,0,15,0,11,0,0,0,0,0,0,0,0,0,40,25,4,4,10,8,0,5,0,0,0,15,0,0,18,0,8,0,0,0,0,0,0,0,18,0,10,0,0,0,0,0,0,0,0,12,15,20
Magnoliopsida,Lamiales,Lamiaceae,Thymus,pannonicus,SPECIES,All.,Thymus pannonicus All.,0,0,1,0,0,0,0,0,0,0,8,0,0,0,0,0,0,0,4,30,0,0,0,0,0,0,0,0,0,0,0,0,0,0,0,0,0,15,5,0,0,0,0,0,40,0,0,0,0,0,0,0,0,0,0,0,20,0,0,0,0,0,30,7,0,5,0,0
Magnoliopsida,Lamiales,Plantaginaceae,Plantago,lanceolata,SPECIES,L.,Plantago lanceolata L.,3,1,3,3,0,3,0,0,0,0,8,0,7,0,0,0,5,0,6,2,5,0,0,0,0,0,0,0,3,0,0,2,2,8,0,3,4,3,0,0,0,5,0,0,8,0,0,0,0,0,0,9,1,0,0,5,0,0,2,1,0,0,0,0,5,0,0,0
Magnoliopsida,Lamiales,Plantaginaceae,Plantago,urvillei,SPECIES,Opiz,Plantago urvillei Opiz,0,5,5,0,0,5,0,0,0,0,3,0,0,0,0,0,0,0,2,0,0,0,0,0,0,0,0,0,0,0,0,0,0,0,0,6,0,0,0,0,4,6,0,0,0,0,0,0,0,0,0,11,0,0,0,6,0,0,0,0,0,0,7,0,2,0,0,0
Magnoliopsida,Lamiales,Plantaginaceae,Veronica,barrelieri,SPECIES,H.Schott ex Roem. & Schult.,Veronica barrelieri H.Schott ex Roem. & Schult.,0,3,1,3,0,0,0,0,0,0,0,0,3,1,0,0,0,0,4,0,7,0,0,0,0,0,0,0,0,0,0,0,0,0,0,6,0,2,0,5,0,7,0,0,0,0,0,0,0,0,0,0,0,0,2,0,0,0,0,0,0,0,0,0,0,0,2,7
Magnoliopsida,Lamiales,Scrophulariaceae,Verbascum,phoeniceum,SPECIES,L.,Verbascum phoeniceum L.,0,1,3,0,0,0,0,0,0,0,0,0,0,0,0,0,0,0,0,0,0,0,0,0,0,0,0,0,0,0,0,0,0,0,0,0,0,0,0,0,0,0,0,0,0,0,0,0,0,0,0,0,0,0,0,1,0,0,0,0,0,0,0,0,0,0,0,0
Magnoliopsida,Malpighiales,Euphorbiaceae,Euphorbia,stepposa,SPECIES,Zoz ex Prokh.,Euphorbia stepposa Zoz ex Prokh.,7,5,3,0,3,0,0,0,0,0,0,0,0,0,0,20,15,0,10,5,0,0,0,0,4,6,0,0,0,0,7,5,6,7,0,6,5,1,9,0,2,4,0,0,9,7,0,5,6,0,0,4,5,0,4,0,0,0,0,0,0,0,0,0,0,0,0,4
Magnoliopsida,Malpighiales,Hypericaceae,Hypericum,elegans,SPECIES,Steph. ex Willd.,Hypericum elegans Steph. ex Willd.,5,3,0,0,0,0,0,0,0,0,0,0,0,0,0,0,0,0,0,0,0,0,0,0,0,0,0,0,0,0,0,0,0,0,0,0,0,0,0,0,0,0,0,0,0,0,0,0,0,0,0,0,0,0,0,0,0,0,0,0,0,0,0,0,0,0,0,0
Magnoliopsida,Ranunculales,Ranunculaceae,Ranunculus,illyricus,SPECIES,L.,Ranunculus illyricus L.,5,3,0,0,0,0,0,0,0,0,0,0,0,0,0,0,0,0,0,0,0,0,0,0,0,0,0,0,0,0,0,0,0,0,0,0,0,0,0,0,0,0,0,0,0,0,0,0,0,0,0,0,0,0,0,0,0,0,0,0,0,0,0,0,0,0,0,0
Magnoliopsida,Ranunculales,Ranunculaceae,Thalictrum,minus,SPECIES,L.,Thalictrum minus L.,0,0,7,0,0,0,0,0,0,0,0,0,0,0,0,0,0,0,0,0,0,0,0,0,3,0,6,0,0,0,0,0,0,0,0,5,20,3,0,0,0,0,1,0,0,0,0,0,0,0,0,0,0,0,0,0,0,0,0,0,0,0,0,0,0,0,0,0
Magnoliopsida,Rosales,Rosaceae,Filipendula,vulgaris,SPECIES,Moench,Filipendula vulgaris Moench,0,0,5,0,0,0,0,0,0,0,0,0,0,0,0,0,0,0,0,0,0,0,0,0,12,0,0,0,0,0,0,0,0,0,0,0,0,0,0,0,0,0,2,0,0,0,0,0,0,0,0,0,0,0,0,0,0,0,0,0,0,0,0,0,0,0,0,5
Magnoliopsida,Rosales,Rosaceae,Poterium,sanguisorba,SPECIES,L.,Poterium sanguisorba L.,5,0,0,0,0,0,0,0,0,0,0,0,0,0,0,0,0,0,0,0,1,0,0,0,0,1,0,0,0,0,0,0,0,0,0,0,0,0,0,0,0,0,0,0,0,0,0,0,0,0,0,0,0,0,3,0,0,0,0,0,0,0,0,0,0,0,0,0
Magnoliopsida,Solanales,Convolvulaceae,Convolvulus,arvensis,SPECIES,L.,Convolvulus arvensis L.,1,0,0,0,0,1,1,0,1,1,0,0,3,4,4,1,0,1,4,1,0,0,8,2,0,0,0,18,7,10,0,0,3,2,0,0,0,0,0,0,0,6,0,0,7,6,0,7,0,7,15,2,3,2,0,1,0,0,1,2,0,0,0,1,5,0,0,0
Liliopsida,Poales,Poaceae,Bromus,tectorum,SPECIES,L.,Bromus tectorum L.,0,0,0,0,15,0,0,3,35,0,0,0,0,0,0,0,0,0,0,0,0,0,0,0,0,0,0,0,0,0,0,0,0,0,0,0,0,0,0,0,0,0,0,0,20,0,0,0,0,20,10,0,0,0,0,0,0,0,0,0,0,0,0,0,0,0,0,0
Liliopsida,Poales,Poaceae,Stipa,capillata,SPECIES,L.,Stipa capillata L.,0,0,0,0,1,0,0,0,0,0,10,7,0,0,0,0,0,0,0,0,0,0,0,0,0,0,0,0,0,0,25,0,2,0,9,7,4,2,0,0,0,0,0,0,0,0,0,0,0,0,0,5,0,0,0,7,0,1,0,0,0,0,5,0,0,0,0,9
Magnoliopsida,Asterales,Asteraceae,Achillea,stepposa,SPECIES,Klokov & Krytzka,Achillea stepposa Klokov & Krytzka,0,0,0,7,0,0,0,0,0,0,15,3,20,10,6,0,0,16,6,15,0,0,0,0,15,0,0,0,0,0,0,0,0,0,0,0,0,0,0,0,0,0,0,0,0,0,0,0,0,0,0,0,0,0,0,0,0,0,0,0,0,0,0,0,0,0,0,0
Magnoliopsida,Asterales,Asteraceae,Artemisia,austriaca,SPECIES,Jacq.,Artemisia austriaca Jacq.,0,0,0,10,0,1,3,0,0,0,0,0,0,0,0,0,3,8,14,9,0,0,0,0,0,0,0,0,0,0,9,6,0,0,20,9,7,9,0,0,14,5,0,0,35,0,0,15,0,10,0,0,17,0,0,23,2,7,0,0,0,0,7,17,12,0,0,0
Magnoliopsida,Asterales,Asteraceae,Centaurea,diffusa,SPECIES,Lam.,Centaurea diffusa Lam.,0,0,0,0,5,0,0,0,0,0,0,0,10,7,3,1,1,8,3,0,0,0,0,0,0,0,0,0,0,0,4,10,0,2,0,0,0,0,0,0,0,0,2,0,0,0,0,35,0,0,0,0,5,0,0,0,0,0,0,0,0,0,0,0,0,0,0,0
Magnoliopsida,Asterales,Asteraceae,Pentanema,germanicum,SPECIES,"(L.) D.Gut.Larr., Santos-Vicente, Anderb., E.Rico & M.M.Mart.Ort.","Pentanema germanicum (L.) D.Gut.Larr., Santos-Vicente, Anderb., E.Rico & M.M.Mart.Ort.",0,0,0,0,7,0,0,1,0,0,0,0,0,0,0,0,0,0,0,0,0,0,0,0,0,0,0,0,0,0,0,0,0,0,0,0,0,0,0,0,0,0,0,0,0,0,0,0,0,0,0,0,0,0,0,0,0,0,0,0,0,0,0,0,0,0,0,0
Magnoliopsida,Asterales,Asteraceae,Tanacetum,millefolium,SPECIES,(L.) Tzvelev,Tanacetum millefolium (L.) Tzvelev,0,0,0,3,0,0,0,0,0,10,20,0,15,15,8,0,0,0,0,5,10,0,0,0,0,0,0,0,0,0,0,0,0,18,0,0,0,0,0,0,0,0,5,0,0,0,0,0,0,0,0,0,6,5,5,0,17,0,0,0,0,0,0,8,35,14,0,0
Magnoliopsida,Asterales,Asteraceae,Tragopogon,dubius,SPECIES,Scop.,Tragopogon dubius Scop.,0,0,0,0,0,1,0,0,0,0,0,0,0,0,0,0,0,0,0,0,0,0,5,9,0,0,0,0,0,0,0,0,0,0,0,0,0,0,0,0,0,0,0,0,0,4,0,0,0,0,0,0,0,0,0,0,0,0,0,0,0,0,0,0,0,0,0,0
Magnoliopsida,Caryophyllales,Caryophyllaceae,Silene,wolgensis,SPECIES,(Hornem.) Otth,Silene wolgensis (Hornem.) Otth,0,0,0,0,0,5,0,0,0,0,0,0,0,0,0,4,0,0,0,0,0,0,0,0,0,0,0,0,0,0,0,0,0,0,0,0,0,0,0,0,0,7,0,0,0,0,0,0,0,0,0,0,0,0,0,0,0,0,0,0,0,0,0,0,0,0,2,0
Magnoliopsida,Caryophyllales,Polygonaceae,Polygonum,aviculare,SPECIES,L.,Polygonum aviculare L.,0,0,0,0,7,0,0,0,0,0,0,0,0,0,0,0,0,0,0,0,0,1,0,0,0,0,0,0,0,0,0,0,0,0,0,0,0,0,0,0,0,6,0,0,0,0,0,0,0,0,0,0,0,0,0,0,0,0,0,0,0,0,0,0,0,0,0,0
Magnoliopsida,Fabales,Fabaceae,Astragalus,onobrychis,SPECIES,L.,Astragalus onobrychis L.,0,0,0,20,0,0,0,0,0,0,3,0,0,0,0,0,0,0,0,0,0,0,0,0,0,0,0,0,0,0,0,0,0,0,0,0,0,0,0,0,0,0,0,0,0,0,0,0,0,0,0,0,0,0,0,0,0,0,0,0,0,0,0,0,0,0,0,0
Magnoliopsida,Fabales,Fabaceae,Medicago,falcata,SPECIES,L.,Medicago falcata L.,0,0,0,15,10,0,5,0,3,5,0,0,3,7,5,15,20,20,18,0,7,0,0,0,0,0,0,4,12,3,8,3,10,5,11,10,7,9,7,10,4,0,0,0,15,8,0,10,18,9,12,15,0,0,8,8,15,15,4,15,0,0,0,11,0,0,0,8
Magnoliopsida,Fabales,Fabaceae,Melilotus,officinalis,SPECIES,(L.) Lam.,Melilotus officinalis (L.) Lam.,0,0,0,3,10,35,0,0,0,0,0,0,1,1,0,0,0,0,0,0,0,0,0,0,0,0,0,0,0,0,0,0,0,0,0,0,0,0,0,0,0,0,0,0,0,0,0,0,0,0,0,0,0,0,0,0,0,0,27,0,0,0,0,0,0,0,0,0
Magnoliopsida,Gentianales,Rubiaceae,Galium,humifusum,SPECIES,M.Bieb.,Galium humifusum M.Bieb.,0,0,0,3,0,0,5,0,7,0,0,0,7,0,0,0,0,0,5,2,0,0,0,0,0,0,0,7,10,14,0,0,4,5,0,4,5,0,10,0,0,25,0,10,0,30,0,0,17,25,20,24,0,0,0,0,9,0,0,0,0,0,0,0,0,0,0,0
Magnoliopsida,Lamiales,Lamiaceae,Salvia,aethiopis,SPECIES,L.,Salvia aethiopis L.,0,0,0,0,2,0,0,0,0,0,0,0,0,0,0,0,0,0,0,0,0,0,0,0,0,0,0,0,0,0,0,0,0,0,0,0,0,0,0,0,0,0,0,0,2,0,0,3,0,0,0,0,0,0,0,0,0,0,0,0,0,0,0,0,0,0,0,0
Magnoliopsida,Malpighiales,Euphorbiaceae,Euphorbia,seguieriana,SPECIES,Neck.,Euphorbia seguieriana Neck.,0,0,0,7,5,7,0,0,5,0,5,10,10,10,10,0,7,5,4,4,2,0,0,0,0,0,0,0,0,0,0,0,0,0,0,7,0,5,0,0,0,0,0,0,13,0,0,0,4,0,0,7,6,0,0,0,10,2,5,10,0,5,0,0,0,0,0,0
Magnoliopsida,Malpighiales,Hypericaceae,Hypericum,perforatum,SPECIES,L.,Hypericum perforatum L.,0,0,0,0,7,0,0,0,0,0,0,0,0,0,4,0,1,6,5,0,0,0,0,0,0,0,0,0,0,0,0,0,0,0,0,0,0,0,0,0,0,0,0,0,0,0,0,0,0,0,0,5,20,0,0,0,0,0,0,0,0,0,4,4,2,8,0,0
Magnoliopsida,Malpighiales,Linaceae,Linum,pallasianum,SPECIES,Schult.,Linum pallasianum Schult.,0,0,0,0,3,0,0,0,0,0,0,0,0,0,0,1,0,0,0,0,0,0,0,0,14,14,30,0,0,0,10,0,0,0,10,0,0,0,0,0,0,40,0,0,0,0,17,0,0,0,0,0,0,0,30,0,0,0,0,0,0,0,0,0,0,0,0,40
Magnoliopsida,Rosales,Rosaceae,Potentilla,argentea,SPECIES,L.,Potentilla argentea L.,0,0,0,5,5,0,0,0,0,0,0,0,2,0,7,0,0,7,3,0,0,0,0,0,0,0,0,0,0,0,0,0,0,0,0,0,0,0,0,0,0,0,0,0,0,0,0,0,0,0,0,1,0,0,0,0,0,0,0,0,0,0,0,0,0,0,0,0
Liliopsida,Poales,Cyperaceae,Carex,hartmaniorum,SPECIES,A.Cajander,Carex hartmaniorum A.Cajander,0,0,0,0,0,0,0,15,0,0,0,0,0,0,0,0,0,0,0,0,0,0,0,0,0,0,0,0,0,0,0,0,0,0,0,0,0,0,0,0,0,0,0,0,0,0,0,0,0,0,0,0,0,0,0,0,0,0,0,0,0,0,0,0,0,0,0,0
Liliopsida,Poales,Poaceae,Calamagrostis,epigejos,SPECIES,(L.) Roth,Calamagrostis epigejos (L.) Roth,0,0,0,0,0,0,0,40,0,0,0,0,0,0,0,0,0,0,0,0,0,0,0,0,0,0,0,0,15,50,0,0,0,0,0,0,0,0,0,0,0,0,0,10,0,0,0,0,0,0,0,0,0,0,0,0,0,0,0,0,0,0,0,0,0,0,0,0
Liliopsida,Poales,Poaceae,Elymus,repens,SPECIES,(L.) Gould,Elymus repens (L.) Gould,0,0,0,0,0,0,5,0,0,7,4,7,1,3,0,10,15,13,0,0,0,90,5,40,0,0,0,12,45,20,0,0,0,1,0,0,0,0,7,60,0,6,0,5,0,0,0,5,60,50,60,10,0,0,0,1,0,0,0,13,70,70,0,0,0,0,0,7
Liliopsida,Poales,Poaceae,Lolium,pratense,SPECIES,(Huds.) Darbysh.,Lolium pratense (Huds.) Darbysh.,0,0,0,0,0,0,0,5,0,0,0,0,0,0,0,0,0,0,0,0,0,0,0,0,0,0,0,0,0,0,0,0,0,0,0,0,0,0,0,0,0,0,0,20,0,0,0,0,0,0,0,0,0,0,0,0,0,0,0,0,0,0,0,0,0,0,0,0
Magnoliopsida,Apiales,Apiaceae,Daucus,carota,SPECIES,L.,Daucus carota L.,0,0,0,0,0,0,0,3,0,0,0,0,0,0,0,0,0,0,0,0,0,0,9,0,0,0,0,0,0,0,0,0,0,0,0,0,0,0,0,0,0,0,0,0,0,0,0,0,7,0,0,0,7,10,0,0,0,0,0,0,0,0,0,0,0,0,0,0
Magnoliopsida,Asterales,Asteraceae,Achillea,pannonica,SPECIES,Scheele,Achillea pannonica Scheele,0,0,0,0,0,0,0,10,3,0,0,7,5,0,0,7,0,25,0,9,13,0,0,0,0,0,0,0,0,0,0,0,16,0,0,5,0,0,0,0,13,3,0,5,0,15,0,0,9,0,0,20,18,15,3,0,20,0,0,0,0,0,0,0,0,0,0,0
Magnoliopsida,Asterales,Asteraceae,Galatella,sedifolia,SPECIES,(L.) Greuter,Galatella sedifolia (L.) Greuter,0,0,0,0,0,0,0,0,3,0,0,0,1,0,0,0,0,0,0,0,0,0,3,6,0,0,0,15,15,0,0,0,0,0,0,0,0,0,25,0,0,0,0,14,0,0,0,0,0,0,0,0,0,4,0,0,0,0,0,30,0,10,0,0,2,0,0,0
Magnoliopsida,Boraginales,Boraginaceae,Anchusa,officinalis,SPECIES,L.,Anchusa officinalis L.,0,0,0,0,0,0,0,5,0,0,0,0,0,0,0,0,0,0,0,0,0,0,0,0,0,0,0,0,0,0,0,0,0,0,0,0,0,0,0,0,0,0,0,0,0,0,0,0,0,0,0,0,0,0,0,0,0,0,0,0,0,0,0,0,0,0,0,0
Magnoliopsida,Brassicales,Brassicaceae,Berteroa,incana,SPECIES,(L.) DC.,Berteroa incana (L.) DC.,0,0,0,0,0,0,0,5,0,0,0,0,0,0,0,0,0,0,0,0,0,0,0,0,0,0,0,0,0,0,0,0,0,0,0,0,0,0,0,0,0,0,0,0,0,5,0,0,0,0,0,0,0,0,0,0,0,0,0,0,0,0,0,0,0,0,0,0
Magnoliopsida,Brassicales,Brassicaceae,Lepidium,draba,SPECIES,L.,Lepidium draba L.,0,0,0,0,0,0,0,10,0,0,0,0,0,0,0,0,0,0,0,0,0,0,0,0,0,0,0,0,0,0,0,0,0,0,0,0,0,0,0,0,0,0,0,0,0,0,0,0,0,0,0,0,0,0,0,0,0,0,0,0,0,0,0,0,0,0,0,0
Magnoliopsida,Caryophyllales,Plumbaginaceae,Limonium,platyphyllum,SPECIES,Lincz.,Limonium platyphyllum Lincz.,0,0,0,0,0,0,3,15,0,0,0,0,0,0,0,0,0,0,0,0,0,0,0,0,0,0,0,0,0,0,0,0,0,0,0,0,0,0,0,0,0,0,0,0,0,0,0,0,0,0,0,0,0,0,0,0,0,0,0,0,0,0,0,0,0,0,0,0
Magnoliopsida,Fabales,Fabaceae,Vicia,tenuifolia,SPECIES,Roth,Vicia tenuifolia Roth,0,0,0,0,0,0,10,7,20,0,0,0,0,0,0,0,0,0,0,0,0,0,0,0,0,0,0,0,0,0,0,0,0,0,0,0,0,0,0,0,0,0,0,0,0,0,0,0,0,0,0,0,0,0,0,0,0,0,0,0,0,0,0,0,0,0,0,0
Magnoliopsida,Lamiales,Lamiaceae,Glechoma,hederacea,SPECIES,L.,Glechoma hederacea L.,0,0,0,0,0,0,0,5,0,0,0,0,0,0,0,0,0,0,0,0,0,0,0,0,0,0,0,0,0,0,0,0,0,0,0,0,0,0,0,0,0,0,0,5,0,0,0,0,0,0,0,0,0,0,0,0,0,0,0,0,0,0,0,0,0,0,0,0
Magnoliopsida,Asterales,Asteraceae,Achillea,nobilis,SPECIES,L.,Achillea nobilis L.,0,0,0,0,0,0,0,0,0,7,0,0,0,0,0,5,25,0,0,0,0,5,15,5,0,0,0,7,0,0,8,10,0,9,0,0,0,0,0,0,0,15,0,0,0,5,0,25,11,15,35,7,6,10,10,11,0,0,25,0,0,0,0,0,0,0,0,6
Magnoliopsida,Asterales,Asteraceae,Artemisia,vulgaris,SPECIES,L.,Artemisia vulgaris L.,0,0,0,0,0,0,0,0,0,1,0,0,0,0,0,0,0,0,0,0,0,0,0,0,0,0,0,0,0,0,0,0,0,0,0,0,0,0,0,0,0,0,0,0,0,0,0,0,0,0,0,0,0,0,0,0,0,0,0,0,0,0,0,0,0,0,0,0
Magnoliopsida,Asterales,Asteraceae,Hieracium,robustum,SPECIES,Fr.,Hieracium robustum Fr.,0,0,0,0,0,0,0,0,0,0,5,0,0,5,5,5,0,0,0,0,0,0,0,0,0,0,0,0,0,0,0,0,0,0,0,0,0,0,0,0,0,0,0,0,0,0,0,0,0,0,0,0,0,0,0,0,0,0,0,0,0,0,0,0,0,0,0,0
Magnoliopsida,Fabales,Fabaceae,Lotus,ucrainicus,SPECIES,Lotus ×ucrainicus Klokov,Lotus ucrainicus Lotus ×ucrainicus Klokov,0,0,0,0,0,0,0,0,0,0,1,0,0,0,0,0,0,0,0,0,0,0,0,0,0,0,0,0,0,0,0,0,0,0,0,0,0,0,0,0,0,0,0,0,0,0,0,0,5,0,10,15,2,0,0,0,0,0,0,15,0,0,0,0,0,0,0,0
Magnoliopsida,Lamiales,Lamiaceae,Teucrium,polium,SPECIES,L.,Teucrium polium L.,0,0,0,0,0,0,0,0,0,0,5,10,0,0,0,0,0,0,0,0,7,0,0,0,12,8,11,0,0,0,7,0,2,4,12,4,0,3,0,0,8,5,0,0,20,0,10,0,0,0,0,0,0,0,5,0,0,0,0,0,0,0,13,0,0,0,0,0
Magnoliopsida,Rosales,Rosaceae,Agrimonia,eupatoria,SPECIES,L.,Agrimonia eupatoria L.,0,0,0,0,0,0,0,0,0,0,0,5,8,0,0,0,0,7,0,2,1,3,5,8,0,0,0,0,0,0,0,0,0,0,0,0,0,0,5,0,0,0,0,0,0,0,0,0,0,0,0,10,0,18,0,0,0,0,10,10,0,0,0,0,0,0,0,0
Magnoliopsida,Rosales,Rosaceae,Potentilla,astracanica,SPECIES,Jacq.,Potentilla astracanica Jacq.,0,0,0,0,0,0,0,0,0,5,0,0,0,3,3,3,0,0,0,1,3,0,0,0,0,0,0,0,0,0,0,0,0,0,0,0,0,6,0,0,0,0,0,0,0,0,0,0,0,0,0,0,0,0,0,0,0,2,0,0,0,0,0,2,8,2,15,8
Liliopsida,Poales,Poaceae,Anthoxanthum,repens,SPECIES,(Host) Veldkamp,Anthoxanthum repens (Host) Veldkamp,0,0,0,0,0,0,0,0,0,0,0,0,0,0,15,25,0,5,0,0,0,0,0,0,0,0,0,0,0,0,0,0,0,0,0,0,0,0,0,0,10,0,0,0,0,0,0,0,0,0,0,0,0,0,0,0,0,0,0,0,0,0,0,0,0,0,0,0
Liliopsida,Poales,Poaceae,Stipa,tirsa,SPECIES,Steven,Stipa tirsa Steven,0,0,0,0,0,0,0,0,0,0,0,0,6,3,0,0,0,0,0,0,0,0,0,0,0,0,0,0,0,0,0,0,0,0,0,0,0,0,0,0,0,0,0,0,0,0,0,0,0,0,0,0,0,0,0,0,0,0,0,0,0,0,0,0,0,0,0,0
Magnoliopsida,Asterales,Asteraceae,Lactuca,saligna,SPECIES,L.,Lactuca saligna L.,0,0,0,0,0,0,0,0,0,0,0,0,0,2,0,0,0,0,0,0,0,0,0,0,0,0,0,0,0,0,0,0,0,0,0,0,0,0,0,0,0,0,0,0,0,0,0,0,0,0,0,0,0,0,0,0,0,0,0,0,0,0,0,0,0,0,0,0
Magnoliopsida,Asterales,Asteraceae,Lophiolepis,ukranica,SPECIES,"(Besser ex DC.) Del Guacchio, Bures, Iamonico & P.Caputo","Lophiolepis ukranica (Besser ex DC.) Del Guacchio, Bures, Iamonico & P.Caputo",0,0,0,0,0,0,0,0,0,0,0,0,2,2,0,0,0,0,0,0,0,0,0,0,0,0,0,0,0,0,0,0,0,0,0,0,0,0,0,0,0,0,0,0,0,0,0,0,0,0,0,0,0,0,0,0,0,0,0,0,0,0,0,0,0,0,0,0
Magnoliopsida,Asterales,Asteraceae,Pilosella,officinarum,SPECIES,Vaill.,Pilosella officinarum Vaill.,0,0,0,0,0,0,0,0,0,0,0,0,1,0,0,0,0,0,0,0,4,0,0,0,0,0,0,0,0,0,0,0,0,0,0,0,0,0,0,0,0,0,0,0,0,0,0,0,0,0,0,9,7,11,0,0,0,0,0,0,0,0,0,0,0,0,0,0
Magnoliopsida,Asterales,Asteraceae,Pseudopodospermum,tauricum,SPECIES,(M.Bieb.) Vasjukov & Saksonov,Pseudopodospermum tauricum (M.Bieb.) Vasjukov & Saksonov,0,0,0,0,0,0,0,0,0,0,0,0,1,0,0,0,0,0,0,0,0,0,0,0,0,0,0,0,0,0,0,0,0,0,0,0,0,0,0,0,0,0,0,0,0,0,0,0,0,0,0,0,0,0,0,0,0,0,0,0,0,0,0,0,0,0,0,0
Magnoliopsida,Asterales,Asteraceae,Sonchus,asper,SPECIES,(L.) Hill,Sonchus asper (L.) Hill,0,0,0,0,0,0,0,0,0,0,0,0,0,2,0,0,0,0,0,0,0,0,11,7,0,0,0,0,0,0,0,0,0,0,0,0,0,0,0,0,0,0,0,0,0,0,0,0,0,0,0,0,0,0,0,0,0,0,0,0,0,0,0,0,0,0,0,0
Magnoliopsida,Asterales,Asteraceae,Sonchus,oleraceus,SPECIES,L.,Sonchus oleraceus L.,0,0,0,0,0,0,0,0,0,0,0,0,0,0,2,0,0,0,0,0,0,0,0,0,0,0,0,0,0,0,0,0,0,0,0,0,0,0,0,0,0,0,0,0,0,0,0,0,0,0,0,0,0,0,0,0,0,0,0,0,0,0,0,0,0,0,0,0
Magnoliopsida,Brassicales,Brassicaceae,Alyssum,turkestanicum,SPECIES,Regel & Schmalh.,Alyssum turkestanicum Regel & Schmalh.,0,0,0,0,0,0,0,0,0,0,0,0,0,0,1,0,0,0,0,0,0,0,0,0,0,0,0,0,0,0,0,0,0,0,0,0,0,0,0,0,0,0,0,0,0,0,0,0,0,0,0,0,0,0,0,0,0,0,0,0,0,0,0,0,0,0,0,0
Magnoliopsida,Brassicales,Brassicaceae,Erysimum,canescens,SPECIES,Roth,Erysimum canescens Roth,0,0,0,0,0,0,0,0,0,0,0,0,0,0,1,0,0,0,3,3,0,0,0,0,0,0,0,0,0,0,0,0,0,0,0,0,0,0,0,0,0,0,0,0,0,0,0,0,0,0,0,0,0,0,0,0,0,0,0,0,0,0,0,0,0,0,0,0
Magnoliopsida,Brassicales,Resedaceae,Reseda,lutea,SPECIES,L.,Reseda lutea L.,0,0,0,0,0,0,0,0,0,0,0,0,7,5,0,7,0,0,0,0,0,0,0,3,0,0,0,0,0,0,0,0,0,0,0,0,0,0,0,1,0,0,0,0,8,0,0,0,0,0,0,0,0,0,0,0,0,0,0,0,15,7,0,0,0,0,0,0
Magnoliopsida,Caryophyllales,Caryophyllaceae,Dianthus,elongatus,SPECIES,C.A.Mey.,Dianthus elongatus C.A.Mey.,0,0,0,0,0,0,0,0,0,0,0,0,2,0,0,2,0,0,0,0,0,0,0,0,0,0,0,0,0,0,0,0,0,0,0,6,0,0,0,0,0,0,0,0,0,0,0,0,0,0,0,0,0,0,0,0,0,0,0,10,0,0,0,0,0,0,0,4
Magnoliopsida,Fabales,Fabaceae,Medicago,lupulina,SPECIES,L.,Medicago lupulina L.,0,0,0,0,0,0,0,0,0,0,0,0,2,0,0,0,0,0,0,0,0,0,0,3,0,0,0,0,0,0,0,0,0,0,0,0,0,0,0,0,0,0,0,0,0,0,0,0,0,0,0,0,0,0,0,0,0,0,0,0,0,0,0,0,0,0,0,0
Magnoliopsida,Rosales,Rosaceae,Potentilla,humifusa,SPECIES,Willd. ex D.F.K.Schltdl.,Potentilla humifusa Willd. ex D.F.K.Schltdl.,0,0,0,0,0,0,0,0,0,0,0,0,2,0,0,4,6,8,0,0,0,0,0,0,0,0,0,0,0,0,0,0,0,0,0,0,0,0,0,2,0,4,3,0,11,0,6,0,0,0,0,4,0,0,2,0,15,18,0,0,0,0,0,0,0,5,0,0
Magnoliopsida,Asterales,Asteraceae,Artemisia,marschalliana,SPECIES,Spreng.,Artemisia marschalliana Spreng.,0,0,0,0,0,0,0,0,0,0,0,0,0,0,0,5,0,0,0,0,0,0,0,0,0,0,0,0,0,0,4,0,0,0,0,0,3,0,0,0,0,0,0,0,0,0,0,0,0,0,0,0,0,0,0,0,0,0,0,0,0,0,0,0,0,0,0,0
Magnoliopsida,Asterales,Asteraceae,Centaurea,scabiosa,SPECIES,L.,Centaurea scabiosa L.,0,0,0,0,0,0,0,0,0,0,0,0,0,0,0,0,6,2,0,0,0,0,0,0,0,0,0,0,0,0,0,0,0,0,0,0,0,0,0,0,0,0,0,0,0,0,0,0,0,0,0,0,0,0,0,0,0,0,0,0,0,0,0,0,0,0,0,0
Magnoliopsida,Asterales,Asteraceae,Cirsium,arvense,SPECIES,(L.) Scop.,Cirsium arvense (L.) Scop.,0,0,0,0,0,0,0,0,0,0,0,0,0,0,0,0,0,2,0,0,0,0,0,0,0,0,0,0,6,0,0,0,0,0,0,0,0,0,0,0,0,0,0,0,0,0,0,0,0,0,0,0,0,0,0,0,0,15,25,16,25,30,0,0,0,0,0,0
Magnoliopsida,Asterales,Asteraceae,Jacobaea,erucifolia,SPECIES,"(L.) G.Gaertn., B.Mey. & Scherb.","Jacobaea erucifolia (L.) G.Gaertn., B.Mey. & Scherb.",0,0,0,0,0,0,0,0,0,0,0,0,0,0,0,0,9,11,6,3,1,0,1,5,0,0,0,0,0,0,0,0,0,1,0,2,0,0,0,0,0,0,1,15,0,0,0,0,0,0,0,0,0,0,0,0,0,0,0,0,0,0,0,0,0,0,0,0
Magnoliopsida,Fabales,Fabaceae,Lathyrus,tuberosus,SPECIES,L.,Lathyrus tuberosus L.,0,0,0,0,0,0,0,0,0,0,0,0,0,0,0,2,0,0,20,0,0,1,5,11,0,0,0,0,0,0,0,0,7,0,0,0,0,5,0,0,0,0,0,0,0,0,0,0,0,0,0,0,0,5,0,0,0,0,0,7,0,0,0,0,0,0,0,0
Magnoliopsida,Fabales,Fabaceae,Lotus,stepposus,SPECIES,Kramina,Lotus stepposus Kramina,0,0,0,0,0,0,0,0,0,0,0,0,0,0,0,0,5,0,0,0,0,0,0,0,0,0,0,0,0,0,0,0,0,0,0,0,0,0,0,0,0,0,0,0,0,0,0,0,0,0,0,0,0,0,0,0,0,0,0,0,0,0,0,0,0,0,0,0
Magnoliopsida,Fabales,Fabaceae,Medicago,scutellata,SPECIES,(L.) Mill.,Medicago scutellata (L.) Mill.,0,0,0,0,0,0,0,0,0,0,0,0,0,0,0,7,0,0,0,16,0,0,0,0,0,0,0,0,0,0,0,0,0,0,0,0,0,0,0,0,0,0,0,0,0,0,0,0,0,0,0,0,0,0,0,0,0,0,0,0,0,0,0,0,0,0,0,0
Magnoliopsida,Lamiales,Lamiaceae,Salvia,verticillata,SPECIES,L.,Salvia verticillata L.,0,0,0,0,0,0,0,0,0,0,0,0,0,0,0,6,8,17,0,0,0,0,0,0,0,0,0,0,0,0,0,0,0,0,0,0,0,0,0,0,0,0,0,0,0,0,0,5,0,0,0,0,0,0,0,0,0,0,2,0,0,0,0,0,0,0,0,0
Magnoliopsida,Lamiales,Orobanchaceae,Melampyrum,arvense,SPECIES,L.,Melampyrum arvense L.,0,0,0,0,0,0,0,0,0,0,0,0,0,0,0,0,5,0,0,0,0,0,0,0,0,0,0,0,0,0,0,0,0,0,0,0,0,0,0,0,0,0,0,0,0,0,0,0,0,0,0,0,0,0,2,0,0,3,8,0,0,0,0,0,0,0,0,0
Magnoliopsida,Lamiales,Plantaginaceae,Linaria,genistifolia,SPECIES,(L.) Mill.,Linaria genistifolia (L.) Mill.,0,0,0,0,0,0,0,0,0,0,0,0,0,0,0,1,0,0,0,0,0,0,0,0,0,0,0,0,0,0,0,0,0,0,0,0,0,0,0,0,0,0,0,0,0,0,0,0,0,0,0,0,4,1,0,0,0,0,0,0,0,0,0,0,0,0,0,0
Magnoliopsida,Lamiales,Scrophulariaceae,Verbascum,chaixii,SPECIES,Vill.,Verbascum chaixii Vill.,0,0,0,0,0,0,0,0,0,0,0,0,0,0,0,10,12,15,2,0,0,0,0,0,0,0,0,0,0,0,0,0,0,1,0,0,0,0,3,0,0,0,0,0,0,3,0,0,0,0,0,0,0,0,0,0,0,0,0,0,0,0,0,0,0,0,0,0
Magnoliopsida,Lamiales,Scrophulariaceae,Verbascum,densiflorum,SPECIES,Bertol.,Verbascum densiflorum Bertol.,0,0,0,0,0,0,0,0,0,0,0,0,0,0,0,4,6,3,0,0,0,0,0,0,0,0,0,1,0,0,0,1,0,0,0,0,0,0,0,0,0,0,0,0,7,0,0,0,0,0,0,0,0,0,0,0,0,0,0,0,0,0,0,0,0,0,0,0
Magnoliopsida,Malpighiales,Euphorbiaceae,Euphorbia,virgata,SPECIES,Waldst. & Kit.,Euphorbia virgata Waldst. & Kit.,0,0,0,0,0,0,0,0,0,0,0,0,0,0,0,3,5,15,0,0,0,0,7,6,0,0,0,0,0,0,0,0,0,0,0,0,0,0,0,0,0,0,0,0,0,0,0,0,0,0,0,1,0,0,0,0,0,0,0,0,0,0,0,0,0,0,0,0
Magnoliopsida,Malpighiales,Violaceae,Viola,ambigua,SPECIES,Waldst. & Kit.,Viola ambigua Waldst. & Kit.,0,0,0,0,0,0,0,0,0,0,0,0,0,0,0,0,0,4,0,0,0,0,0,0,0,0,0,0,0,0,3,0,0,0,0,0,0,0,0,0,0,0,0,0,7,0,0,0,0,0,0,0,0,0,0,0,0,0,0,0,0,0,0,0,0,0,0,0
Magnoliopsida,Rosales,Rosaceae,Potentilla,neglecta,SPECIES,Baumg.,Potentilla neglecta Baumg.,0,0,0,0,0,0,0,0,0,0,0,0,0,0,0,1,0,1,0,10,4,0,0,0,0,0,0,0,0,0,0,4,0,0,0,0,0,0,0,0,0,1,0,0,0,0,0,0,6,0,0,6,15,17,4,0,10,5,0,0,0,0,0,7,0,4,0,0
Magnoliopsida,Rosales,Rosaceae,Potentilla,patula,SPECIES,Waldst. & Kit.,Potentilla patula Waldst. & Kit.,0,0,0,0,0,0,0,0,0,0,0,0,0,0,0,0,0,2,0,0,0,0,0,0,0,0,0,0,0,0,0,0,0,0,0,0,0,0,0,0,0,0,0,0,0,0,0,0,0,0,0,0,2,0,3,0,0,0,0,0,0,0,0,0,0,0,0,0
Magnoliopsida,Asterales,Asteraceae,Psephellus,marschallianus,SPECIES,(Spreng.) K.Koch,Psephellus marschallianus (Spreng.) K.Koch,0,0,0,0,0,0,0,0,0,0,0,0,0,0,0,0,0,0,0,0,8,0,0,0,0,0,0,0,0,0,0,0,0,0,0,0,0,0,0,0,0,0,0,0,0,0,25,0,0,0,0,0,2,0,0,0,0,0,0,0,0,0,0,0,0,0,0,0
Magnoliopsida,Fabales,Fabaceae,Trifolium,alpestre,SPECIES,L.,Trifolium alpestre L.,0,0,0,0,0,0,0,0,0,0,0,0,0,0,0,0,0,0,0,4,0,0,0,0,0,0,0,0,0,0,0,0,0,0,0,0,0,0,0,0,0,0,0,0,0,0,0,0,0,0,0,0,0,0,0,0,0,0,0,0,0,0,0,0,0,0,0,0
Magnoliopsida,Lamiales,Plantaginaceae,Veronica,austriaca,SPECIES,L.,Veronica austriaca L.,0,0,0,0,0,0,0,0,0,0,0,0,0,0,0,0,0,0,3,5,3,0,0,0,0,0,0,0,0,0,0,0,0,5,6,0,0,3,0,0,0,3,0,0,12,3,0,0,0,0,0,0,0,0,0,0,0,0,0,0,0,0,2,5,10,0,0,0
Magnoliopsida,Lamiales,Plantaginaceae,Veronica,spicata,SPECIES,L.,Veronica spicata L.,0,0,0,0,0,0,0,0,0,0,0,0,0,0,0,0,0,0,0,0,5,0,0,0,0,0,0,0,0,0,0,0,0,0,0,0,0,0,0,5,0,0,0,0,0,0,0,0,0,0,0,0,0,0,0,0,0,0,0,0,0,0,0,0,0,0,0,0
Magnoliopsida,Lamiales,Scrophulariaceae,Verbascum,lychnitis,SPECIES,L.,Verbascum lychnitis L.,0,0,0,0,0,0,0,0,0,0,0,0,0,0,0,0,0,0,0,6,0,0,0,0,0,0,0,0,0,0,0,0,0,0,0,0,0,0,0,0,0,0,0,0,0,0,0,0,0,0,0,0,0,0,0,0,0,0,0,0,0,0,0,0,0,0,0,0
Magnoliopsida,Malpighiales,Linaceae,Linum,tenuifolium,SPECIES,L.,Linum tenuifolium L.,0,0,0,0,0,0,0,0,0,0,0,0,0,0,0,0,0,0,0,0,30,0,0,0,8,11,5,0,0,0,0,0,0,0,0,0,0,0,0,0,0,0,0,0,0,0,0,0,0,0,0,0,0,0,0,0,0,0,0,0,0,0,0,0,0,0,0,0
Magnoliopsida,Asterales,Asteraceae,Artemisia,absinthium,SPECIES,L.,Artemisia absinthium L.,0,0,0,0,0,0,0,0,0,0,0,0,0,0,0,0,0,0,0,0,0,0,16,10,0,0,0,0,0,0,0,0,0,0,0,0,0,0,0,0,0,0,0,0,0,0,0,4,15,0,0,0,0,7,0,0,0,0,4,3,0,0,0,0,0,0,0,0
Magnoliopsida,Asterales,Asteraceae,Aster,amellus,SPECIES,L.,Aster amellus L.,0,0,0,0,0,0,0,0,0,0,0,0,0,0,0,0,0,0,0,0,0,0,0,7,7,0,0,0,0,0,0,0,0,0,0,0,0,0,0,0,0,0,0,0,0,0,0,0,0,0,0,0,0,0,0,0,0,0,0,0,0,0,0,0,0,0,0,0
Magnoliopsida,Asterales,Asteraceae,Erigeron,canadensis,SPECIES,L.,Erigeron canadensis L.,0,0,0,0,0,0,0,0,0,0,0,0,0,0,0,0,0,0,0,0,0,0,65,17,0,0,0,0,0,0,0,0,0,0,0,0,0,0,0,0,0,0,0,0,0,6,0,0,0,0,0,0,0,0,0,0,0,0,0,0,0,0,0,0,0,0,0,0
Magnoliopsida,Asterales,Asteraceae,Jacobaea,vulgaris,SPECIES,Gaertn.,Jacobaea vulgaris Gaertn.,0,0,0,0,0,0,0,0,0,0,0,0,0,0,0,0,0,0,0,0,0,0,4,0,0,0,0,0,0,0,0,0,0,0,0,0,0,0,0,0,0,0,0,0,0,0,0,0,0,0,0,0,0,0,0,0,0,0,0,0,0,0,0,0,0,0,0,0
Magnoliopsida,Asterales,Asteraceae,Lactuca,serriola,SPECIES,L.,Lactuca serriola L.,0,0,0,0,0,0,0,0,0,0,0,0,0,0,0,0,0,0,0,0,0,0,11,10,0,0,0,0,0,0,0,0,0,0,0,0,0,0,0,0,0,0,0,0,0,2,0,7,0,6,0,0,0,0,0,0,0,0,0,0,0,0,0,0,0,0,0,0
Magnoliopsida,Asterales,Asteraceae,Lophiolepis,decussata,SPECIES,"(Janka) Del Guacchio, Bures, Iamonico & P.Caputo","Lophiolepis decussata (Janka) Del Guacchio, Bures, Iamonico & P.Caputo",0,0,0,0,0,0,0,0,0,0,0,0,0,0,0,0,0,0,0,0,0,0,3,0,0,0,0,0,0,0,0,0,0,0,0,0,0,0,0,0,0,0,0,0,0,0,0,0,8,3,0,0,0,0,0,0,0,0,0,0,0,0,0,0,0,0,0,0
Magnoliopsida,Asterales,Asteraceae,Picris,hieracioides,SPECIES,L.,Picris hieracioides L.,0,0,0,0,0,0,0,0,0,0,0,0,0,0,0,0,0,0,0,0,0,0,3,5,0,0,0,0,0,0,0,0,0,0,0,0,0,0,0,0,0,0,0,0,0,0,0,0,0,0,0,0,0,0,0,0,0,0,0,0,0,0,0,0,0,0,0,0
Magnoliopsida,Brassicales,Brassicaceae,Raphanus,raphanistrum,SPECIES,L.,Raphanus raphanistrum L.,0,0,0,0,0,0,0,0,0,0,0,0,0,0,0,0,0,0,0,0,0,0,4,0,0,0,0,0,0,0,0,0,0,0,0,0,0,0,0,0,0,0,0,0,0,0,0,0,0,0,0,0,0,0,0,0,0,0,0,0,0,0,0,0,0,0,0,0
Magnoliopsida,Caryophyllales,Caryophyllaceae,Silene,chersonensis,SPECIES,(Zapal.) Kleopow,Silene chersonensis (Zapal.) Kleopow,0,0,0,0,0,0,0,0,0,0,0,0,0,0,0,0,0,0,0,0,0,0,0,3,0,0,0,0,0,0,0,0,0,0,0,0,0,0,0,0,0,0,0,0,0,0,0,0,0,0,0,0,0,0,0,0,3,0,0,0,0,0,0,0,0,0,0,0
Magnoliopsida,Caryophyllales,Caryophyllaceae,Silene,latifolia,SPECIES,Poir.,Silene latifolia Poir.,0,0,0,0,0,0,0,0,0,0,0,0,0,0,0,0,0,0,0,0,0,1,4,0,0,0,0,0,0,1,0,0,0,0,0,0,0,0,0,0,0,0,0,0,0,0,0,0,0,0,0,0,0,0,0,0,0,0,0,0,0,0,0,0,0,0,0,0
Magnoliopsida,Gentianales,Apocynaceae,Cynanchum,acutum,SPECIES,L.,Cynanchum acutum L.,0,0,0,0,0,0,0,0,0,0,0,0,0,0,0,0,0,0,0,0,0,0,3,0,0,0,0,0,0,0,0,0,0,0,0,0,0,0,0,0,0,0,0,0,0,0,0,0,0,0,0,0,0,0,0,0,0,0,0,0,0,0,0,0,0,0,0,0
Magnoliopsida,Lamiales,Lamiaceae,Origanum,vulgare,SPECIES,L.,Origanum vulgare L.,0,0,0,0,0,0,0,0,0,0,0,0,0,0,0,0,0,0,0,0,0,0,7,0,0,0,0,0,0,0,0,0,0,0,0,0,0,0,0,0,0,0,0,0,0,0,0,0,0,0,0,0,0,0,0,0,0,0,0,0,0,0,0,0,0,0,0,0
Magnoliopsida,Rosales,Rosaceae,Potentilla,recta,SPECIES,L.,Potentilla recta L.,0,0,0,0,0,0,0,0,0,0,0,0,0,0,0,0,0,0,0,0,0,0,2,12,0,0,0,0,0,0,0,0,0,0,0,0,0,0,0,1,0,2,0,0,0,0,0,0,0,0,0,0,0,0,0,0,0,0,0,0,0,0,0,0,0,0,0,0
Liliopsida,Poales,Poaceae,Pseudoroegneria,stipifolia,SPECIES,(Trautv.) Á.Löve,Pseudoroegneria stipifolia (Trautv.) Á.Löve,0,0,0,0,0,0,0,0,0,0,0,0,0,0,0,0,0,0,0,0,0,0,0,0,35,5,8,0,0,0,0,0,0,0,0,0,0,0,0,0,0,0,0,0,0,0,0,0,0,0,0,0,0,0,0,0,0,0,0,0,0,0,0,0,0,0,0,0
Magnoliopsida,Asterales,Asteraceae,Artemisia,pontica,SPECIES,L.,Artemisia pontica L.,0,0,0,0,0,0,0,0,0,0,0,0,0,0,0,0,0,0,0,0,0,0,0,0,2,16,6,0,0,0,0,0,0,0,0,0,0,0,0,0,0,0,0,0,0,0,0,0,0,0,0,0,0,0,0,0,0,0,0,0,0,0,0,0,0,0,0,0
Magnoliopsida,Asterales,Asteraceae,Artemisia,salsoloides,SPECIES,Willd.,Artemisia salsoloides Willd.,0,0,0,0,0,0,0,0,0,0,0,0,0,0,0,0,0,0,0,0,0,0,0,0,8,4,5,0,0,0,0,0,0,0,0,0,0,0,0,0,0,0,0,0,0,0,0,0,0,0,0,0,0,0,0,0,0,0,0,0,0,0,0,0,0,0,0,0
Magnoliopsida,Asterales,Asteraceae,Psephellus,carbonatus,SPECIES,(Klokov) Greuter,Psephellus carbonatus (Klokov) Greuter,0,0,0,0,0,0,0,0,0,0,0,0,0,0,0,0,0,0,0,0,0,0,0,0,0,7,15,0,0,0,0,0,0,0,0,0,0,0,0,0,0,0,0,0,0,0,0,0,0,0,0,0,0,0,0,0,0,0,0,0,0,0,0,0,0,0,0,0
Magnoliopsida,Boraginales,Boraginaceae,Onosma,simplicissima,SPECIES,L.,Onosma simplicissima L.,0,0,0,0,0,0,0,0,0,0,0,0,0,0,0,0,0,0,0,0,0,0,0,0,9,30,15,0,0,0,0,0,0,0,0,0,0,0,0,0,0,0,0,0,0,0,0,0,0,0,0,0,0,0,0,0,0,0,0,0,0,0,0,0,0,0,0,0
Magnoliopsida,Fabales,Fabaceae,Astragalus,albicaulis,SPECIES,DC.,Astragalus albicaulis DC.,0,0,0,0,0,0,0,0,0,0,0,0,0,0,0,0,0,0,0,0,0,0,0,0,7,0,0,0,0,0,0,0,0,0,0,0,0,0,0,0,0,0,0,0,0,0,0,0,0,0,0,0,0,0,0,0,0,0,0,0,0,0,0,0,0,0,0,0
Magnoliopsida,Gentianales,Rubiaceae,Galium,xeroticum,SPECIES,(Klokov) Pobed.,Galium xeroticum (Klokov) Pobed.,0,0,0,0,0,0,0,0,0,0,0,0,0,0,0,0,0,0,0,0,0,0,0,0,11,0,0,0,0,0,0,0,0,0,0,0,0,0,0,0,0,0,0,0,0,0,0,0,0,0,0,0,0,0,0,0,0,0,0,0,0,0,0,0,0,0,0,0
Magnoliopsida,Lamiales,Lamiaceae,Thymus,calcareus,SPECIES,Klokov & Des.-Shost.,Thymus calcareus Klokov & Des.-Shost.,0,0,0,0,0,0,0,0,0,0,0,0,0,0,0,0,0,0,0,0,0,0,0,0,0,17,40,0,0,0,0,0,0,0,0,0,0,0,0,0,0,0,0,0,0,0,0,0,0,0,0,0,0,0,0,0,0,0,0,0,0,0,0,0,0,0,0,0
Magnoliopsida,Malpighiales,Euphorbiaceae,Euphorbia,petrophila,SPECIES,C.A.Mey.,Euphorbia petrophila C.A.Mey.,0,0,0,0,0,0,0,0,0,0,0,0,0,0,0,0,0,0,0,0,0,0,0,0,10,0,9,0,0,0,0,0,0,0,0,0,0,0,0,0,0,0,0,0,0,0,0,0,0,0,0,0,0,0,0,0,0,0,0,0,0,0,0,0,0,0,0,0
Magnoliopsida,Ranunculales,Ranunculaceae,Clematis,lathyrifolia,SPECIES,Besser ex Rchb.,Clematis lathyrifolia Besser ex Rchb.,0,0,0,0,0,0,0,0,0,0,0,0,0,0,0,0,0,0,0,0,0,0,0,0,4,0,0,0,0,0,0,0,0,0,0,0,0,0,0,0,0,0,0,0,0,0,0,0,0,0,0,0,0,0,0,0,0,0,0,0,0,0,0,0,0,0,0,0
Magnoliopsida,Rosales,Rosaceae,Fragaria,viridis,SPECIES,Duchesne,Fragaria viridis Duchesne,0,0,0,0,0,0,0,0,0,0,0,0,0,0,0,0,0,0,0,0,0,0,0,0,10,0,0,0,0,0,0,0,0,0,0,0,0,0,2,0,0,0,0,0,0,0,0,0,0,0,0,25,0,0,0,0,0,0,0,0,0,0,15,5,0,0,0,0
Magnoliopsida,Rosales,Rosaceae,Prunus,tenella,SPECIES,Batsch,Prunus tenella Batsch,0,0,0,0,0,0,0,0,0,0,0,0,0,0,0,0,0,0,0,0,0,0,0,0,10,0,0,0,0,0,0,0,0,0,0,0,0,0,10,0,0,0,0,0,0,0,0,0,0,0,0,0,0,0,0,0,0,0,0,0,0,0,0,0,0,0,9,10
Magnoliopsida,Solanales,Convolvulaceae,Convolvulus,lineatus,SPECIES,L.,Convolvulus lineatus L.,0,0,0,0,0,0,0,0,0,0,0,0,0,0,0,0,0,0,0,0,0,0,0,0,0,6,10,0,0,0,0,0,0,8,5,0,0,0,0,0,0,0,0,0,0,0,0,0,0,0,0,0,0,0,0,0,0,0,0,0,0,0,0,0,0,0,0,0
Magnoliopsida,Asterales,Asteraceae,Ambrosia,artemisiifolia,SPECIES,L.,Ambrosia artemisiifolia L.,0,0,0,0,0,0,0,0,0,0,0,0,0,0,0,0,0,0,0,0,0,0,0,0,0,0,0,0,7,0,0,0,0,0,0,0,0,0,0,0,0,0,0,0,0,0,0,0,0,0,0,0,0,0,0,0,0,0,0,0,15,7,0,0,0,0,0,0
Magnoliopsida,Asterales,Asteraceae,Carduus,acanthoides,SPECIES,L.,Carduus acanthoides L.,0,0,0,0,0,0,0,0,0,0,0,0,0,0,0,0,0,0,0,0,0,0,0,0,0,0,0,4,4,0,0,0,0,0,0,0,0,0,0,0,0,0,0,0,0,0,0,7,5,2,10,0,0,0,0,5,0,0,4,4,10,0,0,0,0,0,0,0
Magnoliopsida,Asterales,Asteraceae,Centaurea,jacea,SPECIES,L.,Centaurea jacea L.,0,0,0,0,0,0,0,0,0,0,0,0,0,0,0,0,0,0,0,0,0,0,0,0,0,0,0,7,4,0,0,0,0,0,0,0,0,0,0,0,0,0,0,0,0,0,0,0,0,0,0,0,0,0,0,0,0,0,0,0,0,0,0,0,0,0,0,0
Magnoliopsida,Asterales,Asteraceae,Cichorium,intybus,SPECIES,L.,Cichorium intybus L.,0,0,0,0,0,0,0,0,0,0,0,0,0,0,0,0,0,0,0,0,0,0,0,0,0,0,0,0,0,3,0,0,0,0,0,3,0,0,0,0,4,8,0,11,0,0,0,0,11,0,0,0,1,0,0,0,0,0,7,0,0,0,0,0,0,0,0,0
Magnoliopsida,Asterales,Asteraceae,Hieracium,sabaudum,SPECIES,L.,Hieracium sabaudum L.,0,0,0,0,0,0,0,0,0,0,0,0,0,0,0,0,0,0,0,0,0,0,0,0,0,0,0,0,6,0,0,0,0,0,0,0,0,0,0,0,0,0,0,0,0,0,0,0,0,0,0,0,0,0,0,0,0,0,0,0,0,0,0,0,0,0,0,0
Magnoliopsida,Asterales,Asteraceae,Senecio,macrophyllus,SPECIES,M.Bieb.,Senecio macrophyllus M.Bieb.,0,0,0,0,0,0,0,0,0,0,0,0,0,0,0,0,0,0,0,0,0,0,0,0,0,0,0,0,2,0,0,0,0,0,0,0,0,0,0,0,0,0,0,0,0,0,0,0,0,0,0,0,0,0,0,0,0,0,0,0,0,0,0,0,0,0,0,0
Magnoliopsida,Asterales,Asteraceae,Taraxacum,officinale,SPECIES,Weber ex F.H.Wigg.,Taraxacum officinale Weber ex F.H.Wigg.,0,0,0,0,0,0,0,0,0,0,0,0,0,0,0,0,0,0,0,0,0,0,0,0,0,0,0,0,2,0,0,0,0,0,0,0,0,0,0,0,0,0,0,7,0,0,0,0,0,0,0,0,0,0,0,0,0,0,0,0,0,0,0,0,0,0,0,0
Magnoliopsida,Caryophyllales,Caryophyllaceae,Silene,dichotoma,SPECIES,Ehrh.,Silene dichotoma Ehrh.,0,0,0,0,0,0,0,0,0,0,0,0,0,0,0,0,0,0,0,0,0,0,0,0,0,0,0,5,0,0,0,0,0,0,0,0,0,0,0,0,0,0,0,0,0,0,0,0,0,0,0,0,0,0,0,0,0,0,0,0,0,0,0,0,0,0,0,0
Magnoliopsida,Caryophyllales,Plumbaginaceae,Limonium,bungei,SPECIES,(Claus) Gamajun.,Limonium bungei (Claus) Gamajun.,0,0,0,0,0,0,0,0,0,0,0,0,0,0,0,0,0,0,0,0,0,0,0,0,0,0,0,15,0,0,0,0,0,0,0,0,0,0,8,0,0,30,0,0,0,0,0,0,9,0,40,0,0,0,0,0,0,0,0,0,0,0,0,0,0,0,0,0
Magnoliopsida,Lamiales,Plantaginaceae,Linaria,vulgaris,SPECIES,Mill.,Linaria vulgaris Mill.,0,0,0,0,0,0,0,0,0,0,0,0,0,0,0,0,0,0,0,0,0,0,0,0,0,0,0,4,0,0,0,0,0,0,0,2,5,0,0,0,0,0,0,0,5,0,0,0,0,0,0,4,12,6,0,0,0,0,10,3,5,20,0,0,0,0,0,0
Liliopsida,Poales,Cyperaceae,Carex,praecox,SPECIES,Schreb.,Carex praecox Schreb.,0,0,0,0,0,0,0,0,0,0,0,0,0,0,0,0,0,0,0,0,0,0,0,0,0,0,0,0,0,0,0,1,0,0,0,0,0,0,0,0,0,0,0,0,0,0,0,0,0,0,0,0,0,0,0,0,0,0,0,0,0,0,0,0,0,0,0,0
Magnoliopsida,Apiales,Apiaceae,Peucedanum,ruthenicum,SPECIES,M.Bieb.,Peucedanum ruthenicum M.Bieb.,0,0,0,0,0,0,0,0,0,0,0,0,0,0,0,0,0,0,0,0,0,0,0,0,0,0,0,0,0,0,6,6,0,0,0,0,0,0,0,18,9,30,3,0,0,0,0,0,0,0,0,0,0,0,0,4,0,0,0,0,0,0,0,0,0,0,0,0
Magnoliopsida,Dipsacales,Caprifoliaceae,Scabiosa,ochroleuca,SPECIES,L.,Scabiosa ochroleuca L.,0,0,0,0,0,0,0,0,0,0,0,0,0,0,0,0,0,0,0,0,0,0,0,0,0,0,0,0,0,0,5,0,0,0,0,0,0,0,0,0,0,0,0,0,0,0,25,0,0,0,0,0,8,0,2,0,0,0,0,0,0,0,0,0,0,0,4,7
Magnoliopsida,Fabales,Fabaceae,Vicia,sativa,SPECIES,L.,Vicia sativa L.,0,0,0,0,0,0,0,0,0,0,0,0,0,0,0,0,0,0,0,0,0,0,0,0,0,0,0,0,0,0,6,0,0,0,0,0,0,0,0,0,0,0,0,0,0,0,0,0,0,0,0,0,0,0,0,0,0,0,0,0,0,0,0,0,0,0,0,0
Magnoliopsida,Malpighiales,Linaceae,Linum,austriacum,SPECIES,L.,Linum austriacum L.,0,0,0,0,0,0,0,0,0,0,0,0,0,0,0,0,0,0,0,0,0,0,0,0,0,0,0,0,0,0,0,15,0,0,8,8,5,8,0,0,0,2,0,0,0,0,0,0,0,0,0,0,0,0,0,0,1,0,0,0,0,0,0,0,0,0,0,5
Liliopsida,Poales,Poaceae,Bothriochloa,ischaemum,SPECIES,(L.) Keng,Bothriochloa ischaemum (L.) Keng,0,0,0,0,0,0,0,0,0,0,0,0,0,0,0,0,0,0,0,0,0,0,0,0,0,0,0,0,0,0,0,0,0,0,3,0,0,3,0,0,0,0,0,0,0,0,40,0,0,0,0,0,0,0,0,0,0,0,0,0,0,0,0,0,0,0,0,0
Liliopsida,Poales,Poaceae,Cleistogenes,serotina,SPECIES,(L.) Keng,Cleistogenes serotina (L.) Keng,0,0,0,0,0,0,0,0,0,0,0,0,0,0,0,0,0,0,0,0,0,0,0,0,0,0,0,0,0,0,0,0,0,7,12,0,0,0,0,0,0,0,0,0,0,0,10,0,0,0,0,0,0,0,0,0,0,0,0,0,0,0,0,0,0,0,0,0
Magnoliopsida,Asterales,Asteraceae,Xeranthemum,annuum,SPECIES,L.,Xeranthemum annuum L.,0,0,0,0,0,0,0,0,0,0,0,0,0,0,0,0,0,0,0,0,0,0,0,0,0,0,0,0,0,0,0,0,0,2,0,3,0,0,0,0,0,0,1,0,0,0,0,0,0,0,0,0,3,0,0,0,0,0,20,0,0,0,0,0,0,0,0,0
Magnoliopsida,Brassicales,Brassicaceae,Erysimum,canum,SPECIES,(Piller & Mitterp.) Polatschek,Erysimum canum (Piller & Mitterp.) Polatschek,0,0,0,0,0,0,0,0,0,0,0,0,0,0,0,0,0,0,0,0,0,0,0,0,0,0,0,0,0,0,0,0,1,0,0,0,0,0,0,0,1,0,0,0,0,0,0,0,0,0,0,0,0,0,0,0,0,0,0,0,0,0,0,0,0,0,0,0
Magnoliopsida,Caryophyllales,Caryophyllaceae,Silene,multiflora,SPECIES,(Ehrh.) Pers.,Silene multiflora (Ehrh.) Pers.,0,0,0,0,0,0,0,0,0,0,0,0,0,0,0,0,0,0,0,0,0,0,0,0,0,0,0,0,0,0,0,0,0,3,6,0,0,0,0,0,0,0,0,0,0,0,0,0,0,0,0,0,0,0,0,0,0,0,0,0,0,0,0,0,0,0,0,0
Magnoliopsida,Fabales,Fabaceae,Astragalus,austriacus,SPECIES,Jacq.,Astragalus austriacus Jacq.,0,0,0,0,0,0,0,0,0,0,0,0,0,0,0,0,0,0,0,0,0,0,0,0,0,0,0,0,0,0,0,0,8,10,0,0,0,0,0,0,15,0,0,0,12,0,0,0,0,0,0,12,0,0,0,0,0,0,0,0,0,0,0,6,0,0,3,0
Magnoliopsida,Gentianales,Rubiaceae,Cynanchica,rumelica,SPECIES,(Boiss.) P.Caputo & Del Guacchio,Cynanchica rumelica (Boiss.) P.Caputo & Del Guacchio,0,0,0,0,0,0,0,0,0,0,0,0,0,0,0,0,0,0,0,0,0,0,0,0,0,0,0,0,0,0,0,0,0,0,3,0,0,0,0,0,0,0,0,0,0,0,0,0,0,0,0,0,0,0,0,0,0,0,0,0,0,0,0,0,0,0,0,0
Magnoliopsida,Gentianales,Rubiaceae,Cynanchica,tenella,SPECIES,(Heuff. ex Degen) P.Caputo & Del Guacchio,Cynanchica tenella (Heuff. ex Degen) P.Caputo & Del Guacchio,0,0,0,0,0,0,0,0,0,0,0,0,0,0,0,0,0,0,0,0,0,0,0,0,0,0,0,0,0,0,0,0,0,0,5,0,0,6,0,0,0,0,0,0,0,0,0,0,0,0,0,10,0,0,0,0,0,0,0,0,0,0,0,0,0,0,0,0
Magnoliopsida,Lamiales,Plantaginaceae,Linaria,biebersteinii,SPECIES,Besser,Linaria biebersteinii Besser,0,0,0,0,0,0,0,0,0,0,0,0,0,0,0,0,0,0,0,0,0,0,0,0,0,0,0,0,0,0,0,0,0,1,8,0,0,0,0,0,0,0,0,0,0,0,0,0,0,0,0,0,0,0,0,0,0,0,0,0,0,0,0,0,2,0,0,1
Magnoliopsida,Ranunculales,Ranunculaceae,Nigella,arvensis,SPECIES,L.,Nigella arvensis L.,0,0,0,0,0,0,0,0,0,0,0,0,0,0,0,0,0,0,0,0,0,0,0,0,0,0,0,0,0,0,0,0,0,3,3,0,0,0,0,0,0,0,0,0,10,0,0,0,0,0,0,0,0,0,0,0,0,0,0,0,0,0,0,0,0,0,0,0
Magnoliopsida,Boraginales,Boraginaceae,Echium,vulgare,SPECIES,L.,Echium vulgare L.,0,0,0,0,0,0,0,0,0,0,0,0,0,0,0,0,0,0,0,0,0,0,0,0,0,0,0,0,0,0,0,0,0,0,0,1,0,0,0,0,0,0,0,0,0,0,0,4,0,0,0,0,0,0,0,0,0,0,3,0,0,0,0,0,0,0,0,0
Magnoliopsida,Caryophyllales,Caryophyllaceae,Dianthus,campestris,SPECIES,M.Bieb.,Dianthus campestris M.Bieb.,0,0,0,0,0,0,0,0,0,0,0,0,0,0,0,0,0,0,0,0,0,0,0,0,0,0,0,0,0,0,0,0,0,0,0,9,0,7,0,0,0,0,0,0,0,0,0,0,0,0,0,0,0,0,0,0,0,0,0,0,0,0,0,0,0,0,0,0
Magnoliopsida,Asterales,Asteraceae,Pentanema,britannicum,SPECIES,"(L.) D.Gut.Larr., Santos-Vicente, Anderb., E.Rico & M.M.Mart.Ort.","Pentanema britannicum (L.) D.Gut.Larr., Santos-Vicente, Anderb., E.Rico & M.M.Mart.Ort.",0,0,0,0,0,0,0,0,0,0,0,0,0,0,0,0,0,0,0,0,0,0,0,0,0,0,0,0,0,0,0,0,0,0,0,0,0,0,7,0,0,0,0,0,0,0,0,0,0,0,0,0,0,0,0,0,0,0,10,0,0,0,0,0,0,0,0,0
Magnoliopsida,Asterales,Asteraceae,Pilosella,echioides,SPECIES,(Lumn.) F.W.Schultz & Sch.Bip.,Pilosella echioides (Lumn.) F.W.Schultz & Sch.Bip.,0,0,0,0,0,0,0,0,0,0,0,0,0,0,0,0,0,0,0,0,0,0,0,0,0,0,0,0,0,0,0,0,0,0,0,0,0,0,0,1,0,0,0,0,0,0,0,0,0,0,0,0,2,13,0,4,0,0,6,11,0,0,0,0,3,0,5,0
Liliopsida,Asparagales,Amaryllidaceae,Allium,flavescens,SPECIES,Besser,Allium flavescens Besser,0,0,0,0,0,0,0,0,0,0,0,0,0,0,0,0,0,0,0,0,0,0,0,0,0,0,0,0,0,0,0,0,0,0,0,0,0,0,0,0,0,0,1,0,0,0,0,0,0,0,0,0,0,0,0,0,0,0,0,0,0,0,0,0,0,0,0,0
Liliopsida,Poales,Cyperaceae,Carex,riparia,SPECIES,Curtis,Carex riparia Curtis,0,0,0,0,0,0,0,0,0,0,0,0,0,0,0,0,0,0,0,0,0,0,0,0,0,0,0,0,0,0,0,0,0,0,0,0,0,0,0,0,0,0,0,7,0,0,0,0,0,0,0,0,0,0,0,0,0,0,0,0,0,0,0,0,0,0,0,0
Liliopsida,Poales,Poaceae,Aegilops,cylindrica,SPECIES,Host,Aegilops cylindrica Host,0,0,0,0,0,0,0,0,0,0,0,0,0,0,0,0,0,0,0,0,0,0,0,0,0,0,0,0,0,0,0,0,0,0,0,0,0,0,0,0,0,20,0,0,0,0,0,0,0,0,0,0,0,0,0,0,0,0,0,0,0,0,0,0,0,0,0,0
Liliopsida,Poales,Poaceae,Bromus,arvensis,SPECIES,L.,Bromus arvensis L.,0,0,0,0,0,0,0,0,0,0,0,0,0,0,0,0,0,0,0,0,0,0,0,0,0,0,0,0,0,0,0,0,0,0,0,0,0,0,0,0,0,25,0,0,0,0,0,0,0,0,0,0,0,0,0,0,0,0,0,0,0,0,0,0,0,0,0,0
Liliopsida,Poales,Poaceae,Poa,pratensis,SPECIES,L.,Poa pratensis L.,0,0,0,0,0,0,0,0,0,0,0,0,0,0,0,0,0,0,0,0,0,0,0,0,0,0,0,0,0,0,0,0,0,0,0,0,0,0,0,0,0,0,0,12,0,0,0,0,0,0,0,0,0,0,0,0,0,0,0,0,0,0,0,0,0,0,0,0
Magnoliopsida,Apiales,Apiaceae,Pimpinella,saxifraga,SPECIES,L.,Pimpinella saxifraga L.,0,0,0,0,0,0,0,0,0,0,0,0,0,0,0,0,0,0,0,0,0,0,0,0,0,0,0,0,0,0,0,0,0,0,0,0,0,0,0,0,0,35,0,0,0,0,4,0,0,0,0,0,0,0,0,0,0,0,0,0,0,0,0,0,0,0,0,0
Magnoliopsida,Apiales,Apiaceae,Sium,sisarum,SPECIES,L.,Sium sisarum L.,0,0,0,0,0,0,0,0,0,0,0,0,0,0,0,0,0,0,0,0,0,0,0,0,0,0,0,0,0,0,0,0,0,0,0,0,0,0,0,0,0,0,0,40,0,0,0,0,0,0,0,0,0,0,0,0,0,0,0,0,0,0,0,0,0,0,0,0
Magnoliopsida,Asterales,Asteraceae,Artemisia,santonicum,SPECIES,L.,Artemisia santonicum L.,0,0,0,0,0,0,0,0,0,0,0,0,0,0,0,0,0,0,0,0,0,0,0,0,0,0,0,0,0,0,0,0,0,0,0,0,0,0,0,0,0,9,0,0,0,0,0,0,0,0,0,3,5,0,0,3,0,0,0,0,0,0,0,0,0,0,0,0
Magnoliopsida,Asterales,Campanulaceae,Campanula,glomerata,SPECIES,L.,Campanula glomerata L.,0,0,0,0,0,0,0,0,0,0,0,0,0,0,0,0,0,0,0,0,0,0,0,0,0,0,0,0,0,0,0,0,0,0,0,0,0,0,0,0,0,9,0,0,0,0,0,0,0,0,0,0,0,0,0,0,0,0,0,0,0,0,0,0,0,0,0,0
Magnoliopsida,Caryophyllales,Amaranthaceae,Atriplex,tatarica,SPECIES,L.,Atriplex tatarica L.,0,0,0,0,0,0,0,0,0,0,0,0,0,0,0,0,0,0,0,0,0,0,0,0,0,0,0,0,0,0,0,0,0,0,0,0,0,0,0,0,0,4,0,0,0,0,0,0,0,0,0,0,0,0,0,0,0,0,0,0,0,0,0,0,0,0,0,0
Magnoliopsida,Gentianales,Rubiaceae,Galium,album,SPECIES,Mill.,Galium album Mill.,0,0,0,0,0,0,0,0,0,0,0,0,0,0,0,0,0,0,0,0,0,0,0,0,0,0,0,0,0,0,0,0,0,0,0,0,0,0,0,0,0,0,0,10,0,0,0,0,0,0,0,0,0,0,0,0,0,0,0,0,0,0,0,0,0,0,0,0
Magnoliopsida,Geraniales,Geraniaceae,Geranium,collinum,SPECIES,Stephan ex Willd.,Geranium collinum Stephan ex Willd.,0,0,0,0,0,0,0,0,0,0,0,0,0,0,0,0,0,0,0,0,0,0,0,0,0,0,0,0,0,0,0,0,0,0,0,0,0,0,0,0,0,0,0,70,0,0,0,0,0,0,0,0,0,0,0,0,0,0,0,0,0,0,0,0,0,0,0,0
Magnoliopsida,Lamiales,Orobanchaceae,Melampyrum,pratense,SPECIES,L.,Melampyrum pratense L.,0,0,0,0,0,0,0,0,0,0,0,0,0,0,0,0,0,0,0,0,0,0,0,0,0,0,0,0,0,0,0,0,0,0,0,0,0,0,0,0,0,0,0,8,0,0,0,0,0,0,0,0,0,0,0,0,0,0,0,0,0,0,0,0,0,0,0,0
Magnoliopsida,Malvales,Malvaceae,Althaea,officinalis,SPECIES,L.,Althaea officinalis L.,0,0,0,0,0,0,0,0,0,0,0,0,0,0,0,0,0,0,0,0,0,0,0,0,0,0,0,0,0,0,0,0,0,0,0,0,0,0,0,0,0,2,0,0,0,0,0,0,0,0,0,0,0,0,0,0,0,0,0,0,0,0,0,0,0,0,0,0
Magnoliopsida,Ranunculales,Ranunculaceae,Delphinium,consolida,SPECIES,L.,Delphinium consolida L.,0,0,0,0,0,0,0,0,0,0,0,0,0,0,0,0,0,0,0,0,0,0,0,0,0,0,0,0,0,0,0,0,0,0,0,0,0,0,0,0,0,3,0,0,0,0,0,0,0,7,10,0,3,0,0,0,0,0,0,0,0,0,0,0,0,0,0,0
Magnoliopsida,Ranunculales,Ranunculaceae,Ranunculus,acris,SPECIES,L.,Ranunculus acris L.,0,0,0,0,0,0,0,0,0,0,0,0,0,0,0,0,0,0,0,0,0,0,0,0,0,0,0,0,0,0,0,0,0,0,0,0,0,0,0,0,0,0,0,10,0,0,0,0,0,0,0,0,0,0,0,0,0,0,0,0,0,0,0,0,0,0,0,0
Magnoliopsida,Caryophyllales,Caryophyllaceae,Gypsophila,oligosperma,SPECIES,Krasnova,Gypsophila oligosperma Krasnova,0,0,0,0,0,0,0,0,0,0,0,0,0,0,0,0,0,0,0,0,0,0,0,0,0,0,0,0,0,0,0,0,0,0,0,0,0,0,0,0,0,0,0,0,0,0,5,0,0,0,0,0,0,0,0,0,0,0,0,0,0,0,0,0,0,0,0,0
Magnoliopsida,Caryophyllales,Plumbaginaceae,Limonium,sareptanum,SPECIES,(A.K.Becker) Gams,Limonium sareptanum (A.K.Becker) Gams,0,0,0,0,0,0,0,0,0,0,0,0,0,0,0,0,0,0,0,0,0,0,0,0,0,0,0,0,0,0,0,0,0,0,0,0,0,0,0,0,0,0,0,0,4,0,4,0,0,0,0,0,0,0,0,0,0,0,0,0,0,0,0,0,0,0,0,0
Magnoliopsida,Gentianales,Rubiaceae,Cynanchica,pyrenaica,SPECIES,(L.) P.Caputo & Del Guacchio,Cynanchica pyrenaica (L.) P.Caputo & Del Guacchio,0,0,0,0,0,0,0,0,0,0,0,0,0,0,0,0,0,0,0,0,0,0,0,0,0,0,0,0,0,0,0,0,0,0,0,0,0,0,0,0,0,0,0,0,3,0,0,0,0,0,0,0,0,0,0,0,0,0,0,0,0,0,0,0,0,0,0,0
Magnoliopsida,Malpighiales,Euphorbiaceae,Euphorbia,esula,SPECIES,L.,Euphorbia esula L.,0,0,0,0,0,0,0,0,0,0,0,0,0,0,0,0,0,0,0,0,0,0,0,0,0,0,0,0,0,0,0,0,0,0,0,0,0,0,0,0,0,0,0,0,10,0,11,0,4,0,0,0,0,0,0,0,0,0,0,0,0,0,0,0,0,0,0,0
Magnoliopsida,Apiales,Apiaceae,Bupleurum,rotundifolium,SPECIES,L.,Bupleurum rotundifolium L.,0,0,0,0,0,0,0,0,0,0,0,0,0,0,0,0,0,0,0,0,0,0,0,0,0,0,0,0,0,0,0,0,0,0,0,0,0,0,0,0,0,0,0,0,0,0,0,0,0,11,15,0,0,0,0,0,0,0,0,0,0,0,0,0,0,0,0,0
Magnoliopsida,Apiales,Apiaceae,Ferula,euxina,SPECIES,Pimenov,Ferula euxina Pimenov,0,0,0,0,0,0,0,0,0,0,0,0,0,0,0,0,0,0,0,0,0,0,0,0,0,0,0,0,0,0,0,0,0,0,0,0,0,0,0,0,0,0,0,0,0,0,0,0,0,6,0,0,0,0,0,0,0,0,0,0,0,0,0,0,0,0,0,0
Magnoliopsida,Asterales,Asteraceae,Lactuca,tatarica,SPECIES,(L.) C.A.Mey.,Lactuca tatarica (L.) C.A.Mey.,0,0,0,0,0,0,0,0,0,0,0,0,0,0,0,0,0,0,0,0,0,0,0,0,0,0,0,0,0,0,0,0,0,0,0,0,0,0,0,0,0,0,0,0,0,0,0,3,0,0,0,0,0,0,0,0,0,0,0,0,0,0,0,0,0,0,0,0
Magnoliopsida,Asterales,Asteraceae,Onopordum,acanthium,SPECIES,L.,Onopordum acanthium L.,0,0,0,0,0,0,0,0,0,0,0,0,0,0,0,0,0,0,0,0,0,0,0,0,0,0,0,0,0,0,0,0,0,0,0,0,0,0,0,0,0,0,0,0,0,0,0,0,0,4,7,0,0,0,0,0,0,0,0,0,0,0,0,0,0,0,0,0
Magnoliopsida,Malvales,Malvaceae,Alcea,rosea,SPECIES,L.,Alcea rosea L.,0,0,0,0,0,0,0,0,0,0,0,0,0,0,0,0,0,0,0,0,0,0,0,0,0,0,0,0,0,0,0,0,0,0,0,0,0,0,0,0,0,0,0,0,0,0,0,0,2,0,0,0,0,0,0,0,0,0,0,0,0,0,0,0,0,0,0,0
Magnoliopsida,Asterales,Asteraceae,Tanacetum,vulgare,SPECIES,L.,Tanacetum vulgare L.,0,0,0,0,0,0,0,0,0,0,0,0,0,0,0,0,0,0,0,0,0,0,0,0,0,0,0,0,0,0,0,0,0,0,0,0,0,0,0,0,0,0,0,0,0,0,0,0,0,0,0,0,40,0,0,0,0,0,0,0,0,0,0,0,0,0,0,0
Magnoliopsida,Asterales,Asteraceae,Helichrysum,arenarium,SPECIES,(L.) Moench,Helichrysum arenarium (L.) Moench,0,0,0,0,0,0,0,0,0,0,0,0,0,0,0,0,0,0,0,0,0,0,0,0,0,0,0,0,0,0,0,0,0,0,0,0,0,0,0,0,0,0,0,0,0,0,0,0,0,0,0,0,0,0,11,0,0,0,6,8,0,0,0,0,0,0,12,0
Magnoliopsida,Caryophyllales,Caryophyllaceae,Gypsophila,paniculata,SPECIES,L.,Gypsophila paniculata L.,0,0,0,0,0,0,0,0,0,0,0,0,0,0,0,0,0,0,0,0,0,0,0,0,0,0,0,0,0,0,0,0,0,0,0,0,0,0,0,0,0,0,0,0,0,0,0,0,0,0,0,0,0,0,16,4,0,0,0,0,0,0,0,0,0,0,0,5
Magnoliopsida,Caryophyllales,Plumbaginaceae,Goniolimon,tataricum,SPECIES,(L.) Boiss.,Goniolimon tataricum (L.) Boiss.,0,0,0,0,0,0,0,0,0,0,0,0,0,0,0,0,0,0,0,0,0,0,0,0,0,0,0,0,0,0,0,0,0,0,0,0,0,0,0,0,0,0,0,0,0,0,0,0,0,0,0,0,0,0,0,2,0,0,0,0,0,0,0,0,0,0,0,0
Magnoliopsida,Lamiales,Plantaginaceae,Veronica,incana,SPECIES,L.,Veronica incana L.,0,0,0,0,0,0,0,0,0,0,0,0,0,0,0,0,0,0,0,0,0,0,0,0,0,0,0,0,0,0,0,0,0,0,0,0,0,0,0,0,0,0,0,0,0,0,0,0,0,0,0,0,0,0,2,0,0,0,0,0,0,0,0,0,0,0,0,0
Liliopsida,Poales,Poaceae,Bromus,sterilis,SPECIES,L.,Bromus sterilis L.,0,0,0,0,0,0,0,0,0,0,0,0,0,0,0,0,0,0,0,0,0,0,0,0,0,0,0,0,0,0,0,0,0,0,0,0,0,0,0,0,0,0,0,0,0,0,0,0,0,0,0,0,0,0,0,0,0,0,6,0,0,0,0,0,0,0,0,0
Magnoliopsida,Apiales,Apiaceae,Seseli,campestre,SPECIES,Besser,Seseli campestre Besser,0,0,0,0,0,0,0,0,0,0,0,0,0,0,0,0,0,0,0,0,0,0,0,0,0,0,0,0,0,0,0,0,0,0,0,0,0,0,0,0,0,0,0,0,0,0,0,0,0,0,0,0,0,0,0,0,0,0,1,0,0,0,0,0,0,0,0,0
Magnoliopsida,Asterales,Asteraceae,Erigeron,annuus,SPECIES,(L.) Pers.,Erigeron annuus (L.) Pers.,0,0,0,0,0,0,0,0,0,0,0,0,0,0,0,0,0,0,0,0,0,0,0,0,0,0,0,0,0,0,0,0,0,0,0,0,0,0,0,0,0,0,0,0,0,0,0,0,0,0,0,0,0,0,0,0,0,0,0,0,17,0,0,0,0,0,0,0
Magnoliopsida,Asterales,Asteraceae,Matricaria,chamomilla,SPECIES,L.,Matricaria chamomilla L.,0,0,0,0,0,0,0,0,0,0,0,0,0,0,0,0,0,0,0,0,0,0,0,0,0,0,0,0,0,0,0,0,0,0,0,0,0,0,0,0,0,0,0,0,0,0,0,0,0,0,0,0,0,0,0,0,0,0,0,0,5,0,0,0,0,0,0,0
Liliopsida,Asparagales,Amaryllidaceae,Allium,inaequale,SPECIES,Janka,Allium inaequale Janka,0,0,0,0,0,0,0,0,0,0,0,0,0,0,0,0,0,0,0,0,0,0,0,0,0,0,0,0,0,0,0,0,0,0,0,0,0,0,0,0,0,0,0,0,0,0,0,0,0,0,0,0,0,0,0,0,0,0,0,0,0,0,0,2,3,0,0,0
Magnoliopsida,Asterales,Asteraceae,Jurinea,ewersmanii,SPECIES,Bunge,Jurinea ewersmanii Bunge,0,0,0,0,0,0,0,0,0,0,0,0,0,0,0,0,0,0,0,0,0,0,0,0,0,0,0,0,0,0,0,0,0,0,0,0,0,0,0,0,0,0,0,0,0,0,0,0,0,0,0,0,0,0,0,0,0,0,0,0,0,0,0,0,0,0,2,0
Magnoliopsida,Lamiales,Orobanchaceae,Odontites,luteus,SPECIES,(L.) Clairv.,Odontites luteus (L.) Clairv.,0,0,0,0,0,0,0,0,0,0,0,0,0,0,0,0,0,0,0,0,0,0,0,0,0,0,0,0,0,0,0,0,0,0,0,0,0,0,0,0,0,0,0,0,0,0,0,0,0,0,0,0,0,0,0,0,0,0,0,0,0,0,3,0,1,0,0,0
Magnoliopsida,Ranunculales,Ranunculaceae,Pulsatilla,pratensis,SPECIES,(L.) Mill.,Pulsatilla pratensis (L.) Mill.,0,0,0,0,0,0,0,0,0,0,0,0,0,0,0,0,0,0,0,0,0,0,0,0,0,0,0,0,0,0,0,0,0,0,0,0,0,0,0,0,0,0,0,0,0,0,0,0,0,0,0,0,0,0,0,0,0,0,0,0,0,0,0,0,0,0,8,15
