sci_name,class,order,family,genus,species,synonym,verbatim_name,rank,author,sci_name_acc,S_001_01,S_001_02,S_001_03,S_002_01,S_002_02,S_002_03,S_003_01,S_003_02,S_003_03,S_004_01,S_004_02,S_004_03,S_005_03,S_005_02,S_005_01,S_006_01,S_006_02,S_006_03,S_007_01,S_007_02,S_007_03,S_008_01,S_008_02,S_008_03,S_009_01,S_009_02,S_009_03,S_010_01,S_011_01,S_012_01,S_013_01,S_013_02,S_014_01,S_015_01,S_016_01,S_017_01,S_018_01,S_018_02,S_021_01,S_022_01,S_023_01,S_024_01,S_025_01,S_026_01,S_027_01,S_027_02,S_028_01,S_029_01,S_029_02,S_030_01,S_030_02,S_032_01,S_032_02,S_031_01,S_033_01,S_034_01,S_035_01,S_039_01,S_040_01,S_040_02,S_041_01,S_041_02,S_046_01,S_046_02,S_047_01,S_047_02,S_048_01,S_048_02
Ajuga pseudochia Des.-Shost.,Magnoliopsida,Lamiales,Lamiaceae,Ajuga,chamaepitys,1,Ajuga pseudochia Des.-Shost.,SPECIES,(L.) Schreb.,Ajuga chamaepitys (L.) Schreb.,0,0,1,0,7,0,0,0,0,0,0,0,0,0,0,0,0,0,0,0,0,0,0,0,0,0,0,0,0,0,0,0,0,0,0,0,0,0,0,0,0,0,0,0,0,0,0,0,0,0,0,0,0,0,0,0,0,0,0,0,0,0,0,0,0,0,0,0
Astragalus ucrainicus Popov & Klokov,Magnoliopsida,Fabales,Fabaceae,Astragalus,ucrainicus,0,Astragalus ucrainicus M. Pop. & Klokov,SPECIES,Popov & Klokov,Astragalus ucrainicus Popov & Klokov,0,3,1,1,0,0,0,0,0,0,0,0,0,0,0,0,0,0,0,0,0,0,0,0,0,0,0,0,0,0,0,0,0,0,4,0,7,0,0,0,0,0,5,0,0,0,0,0,0,0,0,0,0,0,10,9,0,0,0,0,0,0,0,0,0,7,0,0
Bromopsis inermis (Leyss.) Holub,Liliopsida,Poales,Poaceae,Bromus,inermis,1,Bromopsis inermis (Leyss.) Holub,SPECIES,Leyss.,Bromus inermis Leyss.,1,0,3,0,15,0,20,10,15,0,0,0,0,0,0,0,0,0,0,0,0,0,0,0,0,0,0,0,0,0,0,0,1,0,0,0,0,0,0,0,10,0,0,0,0,15,0,13,0,0,0,10,4,2,0,0,4,0,0,0,0,0,5,0,10,0,0,0
Bromopsis riparia (Rehmann) Holub,Liliopsida,Poales,Poaceae,Bromus,riparius,1,Bromopsis riparia (Rehmann) Holub,SPECIES,Rehmann,Bromus riparius Rehmann,15,7,10,0,0,0,15,7,0,0,0,0,0,0,3,0,0,0,0,0,0,0,0,0,0,0,0,0,0,0,10,0,7,25,14,13,20,0,0,0,15,0,15,0,0,0,5,16,0,0,0,12,15,4,20,20,5,0,0,0,0,0,0,0,0,0,0,0
Caragana frutex (L.) K.Koch,Magnoliopsida,Fabales,Fabaceae,Caragana,frutex,0,Caragana frutex (L.) K. Koch,SPECIES,(L.) K.Koch,Caragana frutex (L.) K.Koch,0,0,3,0,0,0,0,0,0,0,9,8,0,0,0,0,0,0,0,0,0,0,0,0,0,0,0,0,0,0,0,0,0,0,0,10,0,0,0,0,0,0,0,0,0,0,0,0,0,0,0,0,0,0,6,0,0,0,0,0,0,0,0,0,0,0,0,0
Caragana scythica (Kom.) Pojark.,Magnoliopsida,Fabales,Fabaceae,Caragana,scythica,0,Caragana scythica (Kom.) Pojark.,SPECIES,(Kom.) Pojark.,Caragana scythica (Kom.) Pojark.,0,7,0,0,0,0,0,0,0,0,0,0,0,0,0,0,0,0,0,0,0,0,0,0,0,0,0,0,0,0,0,0,0,0,0,0,0,0,0,18,0,0,0,0,0,0,0,0,0,0,0,0,0,0,0,0,0,0,0,0,0,0,0,0,0,0,0,0
Carex supina Willd. ex Wahlenb.,Liliopsida,Poales,Cyperaceae,Carex,supina,0,Carex supina Willd. ex Wahlenb.,SPECIES,Willd. ex Wahlenb.,Carex supina Willd. ex Wahlenb.,10,7,0,0,0,0,0,0,0,0,0,0,0,0,0,0,0,0,0,0,0,0,0,0,0,0,0,0,0,0,0,0,0,0,0,0,0,0,0,0,0,0,0,0,0,0,0,0,0,0,0,0,0,0,0,0,0,0,0,0,0,0,0,0,0,0,0,0
Centaurea orientalis L.,Magnoliopsida,Asterales,Asteraceae,Centaurea,orientalis,0,Centaurea orientalis L.,SPECIES,L.,Centaurea orientalis L.,0,0,2,0,0,0,0,0,0,0,0,0,0,0,0,0,0,0,0,0,0,0,0,0,0,0,0,0,0,0,0,2,0,0,0,0,0,0,0,0,0,0,0,0,0,0,0,0,0,0,0,0,5,0,0,0,0,0,0,0,0,0,0,0,0,0,0,3
Convolvulus arvensis L.,Magnoliopsida,Solanales,Convolvulaceae,Convolvulus,arvensis,0,Convolvulus arvensis L.,SPECIES,L.,Convolvulus arvensis L.,1,0,0,0,0,1,1,0,1,1,0,0,3,4,4,1,0,1,4,1,0,0,8,2,0,0,0,18,7,10,0,0,3,2,0,0,0,0,0,0,0,6,0,0,7,6,0,7,0,7,15,2,3,2,0,1,0,0,1,2,0,0,0,1,5,0,0,0
Elytrigia intermedia (Host) Nevski,Liliopsida,Poales,Poaceae,Thinopyrum,intermedium,1,Elytrigia intermedia (Host) Nevski,SPECIES,(Host) Barkworth & D.R.Dewey,Thinopyrum intermedium (Host) Barkworth & D.R.Dewey,0,0,10,0,0,0,0,0,0,0,0,0,0,0,0,0,0,0,0,0,0,0,0,0,0,0,0,0,0,0,0,0,0,0,0,0,0,0,25,0,0,0,0,0,0,0,0,0,0,0,0,0,0,0,0,0,0,0,0,0,0,0,0,0,0,0,0,0
Eremogone biebersteinii (Schltdl.) Holub,Magnoliopsida,Caryophyllales,Caryophyllaceae,Eremogone,biebersteinii,0,Eremogone biebersteinii (Schlecht.) Holub,SPECIES,(Schltdl.) Holub,Eremogone biebersteinii (Schltdl.) Holub,0,5,0,0,0,0,0,0,0,0,0,0,0,0,0,0,0,0,0,0,0,0,0,0,0,0,0,0,0,0,0,0,0,0,0,0,0,0,0,0,0,0,0,0,0,0,0,0,0,0,0,0,0,0,0,0,0,0,0,0,0,0,0,0,0,0,0,0
Eryngium campestre L.,Magnoliopsida,Apiales,Apiaceae,Eryngium,campestre,0,Eryngium campestre L.,SPECIES,L.,Eryngium campestre L.,5,5,0,5,7,0,1,0,0,0,2,3,0,5,4,0,0,0,0,0,3,0,0,0,0,0,0,0,0,0,7,3,11,0,0,5,15,4,2,4,0,0,0,0,0,0,0,0,3,25,0,8,6,30,3,13,6,20,0,0,0,0,10,5,1,6,0,0
Euphorbia stepposa Zoz ex Prokh.,Magnoliopsida,Malpighiales,Euphorbiaceae,Euphorbia,stepposa,0,Euphorbia stepposa Zoz ex Prokh.,SPECIES,Zoz ex Prokh.,Euphorbia stepposa Zoz ex Prokh.,7,5,3,0,3,0,0,0,0,0,0,0,0,0,0,20,15,0,10,5,0,0,0,0,4,6,0,0,0,0,7,5,6,7,0,6,5,1,9,0,2,4,0,0,9,7,0,5,6,0,0,4,5,0,4,0,0,0,0,0,0,0,0,0,0,0,0,4
Falcaria vulgaris Bernh.,Magnoliopsida,Apiales,Apiaceae,Falcaria,vulgaris,0,Falcaria vulgaris Bernh.,SPECIES,Bernh.,Falcaria vulgaris Bernh.,0,5,1,0,0,0,0,3,0,0,0,0,6,0,0,7,0,5,0,7,0,0,0,0,0,0,0,0,0,0,2,0,6,2,0,5,0,0,0,6,0,0,0,0,4,0,0,0,0,0,0,2,0,0,0,4,0,0,0,7,0,0,6,0,5,0,0,3
Ferulago galbanifera (Mill.) W.D.J.Koch,Magnoliopsida,Apiales,Apiaceae,Ferulago,galbanifera,0,Ferulago galbanifera (Mill.) W.D.J. Koch,SPECIES,(Mill.) W.D.J.Koch,Ferulago galbanifera (Mill.) W.D.J.Koch,1,3,0,3,10,0,0,0,0,0,0,0,0,0,0,0,0,0,0,0,0,0,0,0,0,0,0,0,0,0,0,0,0,0,0,0,0,0,0,0,3,4,2,0,3,0,0,0,0,0,0,0,0,0,0,0,0,0,0,0,0,0,0,0,0,0,0,0
Festuca rupicola Heuff.,Liliopsida,Poales,Poaceae,Festuca,rupicola,0,Festuca rupicola Heuff.,SPECIES,Heuff.,Festuca rupicola Heuff.,0,5,1,0,5,15,0,0,0,0,0,0,0,0,0,0,0,1,0,0,0,0,0,0,0,0,0,0,0,0,0,0,5,0,0,0,0,0,0,0,0,0,0,0,0,20,0,0,6,0,0,0,0,0,0,0,0,0,0,0,0,0,0,0,0,0,0,0
Festuca valesiaca Schleich. ex Gaudin,Liliopsida,Poales,Poaceae,Festuca,valesiaca,0,Festuca valesiaca Gaudin,SPECIES,Schleich. ex Gaudin,Festuca valesiaca Schleich. ex Gaudin,40,20,10,70,30,60,40,10,0,70,60,40,60,50,50,70,70,40,25,20,35,0,0,0,7,0,0,6,0,5,15,50,20,40,10,50,15,20,18,30,60,10,20,0,25,50,0,20,12,35,7,65,70,60,15,45,65,55,30,35,0,0,65,50,60,45,45,45
Filipendula vulgaris Moench,Magnoliopsida,Rosales,Rosaceae,Filipendula,vulgaris,0,Filipendula vulgaris Moench,SPECIES,Moench,Filipendula vulgaris Moench,0,0,5,0,0,0,0,0,0,0,0,0,0,0,0,0,0,0,0,0,0,0,0,0,12,0,0,0,0,0,0,0,0,0,0,0,0,0,0,0,0,0,2,0,0,0,0,0,0,0,0,0,0,0,0,0,0,0,0,0,0,0,0,0,0,0,0,5
Galatella villosa (L.) Rchb.fil.,Magnoliopsida,Asterales,Asteraceae,Galatella,villosa,0,Galatella villosa (L.) Rchb. f.,SPECIES,(L.) Rchb.fil.,Galatella villosa (L.) Rchb.fil.,10,15,5,0,0,0,0,0,0,0,0,0,0,0,0,0,0,0,0,0,0,0,0,0,0,0,0,0,0,0,15,0,0,0,6,0,5,0,0,40,0,10,0,0,0,0,14,0,0,0,0,0,0,0,0,15,0,5,0,0,0,0,0,0,0,0,0,10
Galium ruthenicum Willd.,Magnoliopsida,Gentianales,Rubiaceae,Galium,verum,1,Galium ruthenicum Willd.,SPECIES,L.,Galium verum L.,0,0,3,0,0,0,0,0,0,0,6,0,0,0,0,0,0,0,0,0,0,0,0,0,0,0,0,0,0,0,0,0,0,0,0,0,0,8,0,16,0,0,0,0,0,5,0,0,0,0,0,0,0,0,0,0,0,0,0,0,0,0,6,30,7,0,4,6
Galium verum L.,Magnoliopsida,Gentianales,Rubiaceae,Galium,verum,0,Galium verum L.,SPECIES,L.,Galium verum L.,5,5,0,0,0,0,0,0,0,0,0,0,0,0,0,0,0,0,0,0,0,0,0,0,0,0,0,0,0,0,5,0,0,0,0,0,0,0,0,0,0,0,0,0,0,0,0,0,0,0,0,0,0,0,0,0,0,0,0,0,0,0,0,0,0,0,0,0
Hypericum elegans Steph. ex Willd.,Magnoliopsida,Malpighiales,Hypericaceae,Hypericum,elegans,0,Hypericum elegans Stephan ex Willd.,SPECIES,Steph. ex Willd.,Hypericum elegans Steph. ex Willd.,5,3,0,0,0,0,0,0,0,0,0,0,0,0,0,0,0,0,0,0,0,0,0,0,0,0,0,0,0,0,0,0,0,0,0,0,0,0,0,0,0,0,0,0,0,0,0,0,0,0,0,0,0,0,0,0,0,0,0,0,0,0,0,0,0,0,0,0
Iris taurica Lodd.,Liliopsida,Asparagales,Iridaceae,Iris,pumila,1,Iris taurica Lodd.,SPECIES,L.,Iris pumila L.,0,0,10,0,0,0,0,0,0,0,0,0,0,0,0,0,0,0,0,0,0,0,0,0,0,0,0,0,0,0,0,0,0,0,0,0,0,0,0,0,0,0,0,0,0,0,0,0,0,0,0,0,0,0,0,0,0,0,0,0,0,0,0,0,0,0,0,0
Jurinea arachnoidea Bunge,Magnoliopsida,Asterales,Asteraceae,Jurinea,arachnoidea,0,Jurinea arachnoidea Bunge,SPECIES,Bunge,Jurinea arachnoidea Bunge,0,0,1,0,0,0,0,0,0,0,0,0,0,0,0,0,0,0,0,0,0,0,0,0,0,0,0,0,0,0,0,0,0,0,0,0,0,0,0,0,0,0,0,0,0,0,0,0,0,0,0,0,0,0,3,0,0,0,0,0,0,0,0,0,0,0,0,0
Koeleria cristata Pers.,Liliopsida,Poales,Poaceae,Koeleria,pyramidata,1,Koeleria cristata (L.) Pers.,SPECIES,(Lam.) P.Beauv.,Koeleria pyramidata (Lam.) P.Beauv.,0,0,5,5,0,0,0,0,0,15,0,0,0,0,0,0,0,0,0,0,0,0,0,0,0,0,0,0,0,0,0,0,0,0,0,0,0,6,0,0,0,0,0,0,0,0,0,0,0,0,0,0,20,6,7,10,0,10,0,0,0,0,0,7,5,5,10,0
Marrubium praecox Janka,Magnoliopsida,Lamiales,Lamiaceae,Marrubium,peregrinum,1,Marrubium praecox Janka,SPECIES,L.,Marrubium peregrinum L.,0,3,3,0,0,0,0,0,5,0,0,5,0,0,0,0,0,0,0,0,0,0,0,0,5,0,0,0,0,0,5,0,15,8,11,0,3,0,0,0,5,0,0,0,15,6,0,10,0,0,0,0,0,0,0,8,0,0,0,0,0,0,0,0,0,0,0,0
Nepeta parviflora M.Bieb.,Magnoliopsida,Lamiales,Lamiaceae,Nepeta,ucranica,1,Nepeta parviflora M. Bieb.,SPECIES,L.,Nepeta ucranica L.,0,0,5,0,0,0,0,0,0,0,0,0,0,0,0,0,0,0,0,0,0,0,0,0,0,0,0,0,0,0,0,0,0,0,6,0,0,0,0,0,0,0,0,0,0,0,0,0,0,0,0,0,0,0,0,0,0,0,0,0,0,0,0,0,0,0,0,0
Nonea rossica Steven,Magnoliopsida,Boraginales,Boraginaceae,Nonea,pulla,1,Nonea rossica Steven,SPECIES,(L.) DC.,Nonea pulla (L.) DC.,1,0,1,0,0,0,0,0,0,0,0,0,0,0,0,0,0,0,0,0,0,0,0,0,0,0,0,0,0,0,0,0,0,0,0,0,0,0,0,0,0,0,0,0,0,0,0,0,0,0,0,0,0,0,0,0,0,0,0,0,0,0,0,0,0,0,0,0
Phlomis pungens Willd.,Magnoliopsida,Lamiales,Lamiaceae,Phlomis,herba-venti,1,Phlomis pungens Willd.,SPECIES,L.,Phlomis herba-venti L.,0,7,10,0,0,0,0,0,10,0,0,0,0,0,1,0,0,0,0,0,0,0,0,0,0,0,0,0,0,0,0,0,6,6,7,0,0,6,0,6,18,0,0,0,20,14,0,0,5,0,0,0,0,0,0,0,0,0,0,0,0,0,0,0,0,0,0,0
Phlomoides tuberosa (L.) Moench,Magnoliopsida,Lamiales,Lamiaceae,Phlomoides,tuberosa,0,Phlomoides tuberosa (L.) Moench,SPECIES,(L.) Moench,Phlomoides tuberosa (L.) Moench,0,0,1,0,0,0,0,0,0,0,0,0,0,0,0,0,0,0,0,0,0,0,0,0,0,0,0,0,0,0,0,3,0,0,0,0,0,2,0,4,0,0,0,0,0,0,0,0,0,0,0,0,0,0,0,0,0,0,7,1,0,0,0,0,0,0,0,2
Plantago lanceolata L.,Magnoliopsida,Lamiales,Plantaginaceae,Plantago,lanceolata,0,Plantago lanceolata L.,SPECIES,L.,Plantago lanceolata L.,3,1,3,3,0,3,0,0,0,0,8,0,7,0,0,0,5,0,6,2,5,0,0,0,0,0,0,0,3,0,0,2,2,8,0,3,4,3,0,0,0,5,0,0,8,0,0,0,0,0,0,9,1,0,0,5,0,0,2,1,0,0,0,0,5,0,0,0
Plantago urvillei Opiz,Magnoliopsida,Lamiales,Plantaginaceae,Plantago,urvillei,0,Plantago urvillei Opiz,SPECIES,Opiz,Plantago urvillei Opiz,0,5,5,0,0,5,0,0,0,0,3,0,0,0,0,0,0,0,2,0,0,0,0,0,0,0,0,0,0,0,0,0,0,0,0,6,0,0,0,0,4,6,0,0,0,0,0,0,0,0,0,11,0,0,0,6,0,0,0,0,0,0,7,0,2,0,0,0
Poa angustifolia L.,Liliopsida,Poales,Poaceae,Poa,angustifolia,0,Poa angustifolia L.,SPECIES,L.,Poa angustifolia L.,0,5,0,0,3,0,0,25,25,0,0,0,0,0,0,0,0,11,0,0,0,3,0,0,0,0,0,65,20,20,0,0,0,0,0,0,0,0,25,0,30,7,8,0,50,14,0,60,20,0,20,0,0,22,0,0,0,0,0,0,0,0,0,0,15,0,0,0
Poterium polygamum Waldst. & Kit.,Magnoliopsida,Rosales,Rosaceae,Poterium,sanguisorba,1,Poterium polygamum Waldst. & Kit.,SPECIES,L.,Poterium sanguisorba L.,5,0,0,0,0,0,0,0,0,0,0,0,0,0,0,0,0,0,0,0,1,0,0,0,0,1,0,0,0,0,0,0,0,0,0,0,0,0,0,0,0,0,0,0,0,0,0,0,0,0,0,0,0,0,3,0,0,0,0,0,0,0,0,0,0,0,0,0
Pseudolysimachion barrelieri (H.Schott ex Roem. & Schult.) Holub,Magnoliopsida,Lamiales,Plantaginaceae,Veronica,barrelieri,1,Pseudolysimachion barrelieri (Schott) Holub,SPECIES,H.Schott ex Roem. & Schult.,Veronica barrelieri H.Schott ex Roem. & Schult.,0,3,1,3,0,0,0,0,0,0,0,0,3,1,0,0,0,0,4,0,7,0,0,0,0,0,0,0,0,0,0,0,0,0,0,6,0,2,0,5,0,7,0,0,0,0,0,0,0,0,0,0,0,0,2,0,0,0,0,0,0,0,0,0,0,0,2,7
Ranunculus illyricus L.,Magnoliopsida,Ranunculales,Ranunculaceae,Ranunculus,illyricus,0,Ranunculus illyricus L.,SPECIES,L.,Ranunculus illyricus L.,5,3,0,0,0,0,0,0,0,0,0,0,0,0,0,0,0,0,0,0,0,0,0,0,0,0,0,0,0,0,0,0,0,0,0,0,0,0,0,0,0,0,0,0,0,0,0,0,0,0,0,0,0,0,0,0,0,0,0,0,0,0,0,0,0,0,0,0
Salvia nutans L.,Magnoliopsida,Lamiales,Lamiaceae,Salvia,nutans,0,Salvia nutans L.,SPECIES,L.,Salvia nutans L.,1,15,7,0,0,0,1,0,0,0,0,30,0,0,0,0,0,0,5,0,15,0,0,0,6,0,0,0,0,0,25,0,0,25,20,12,25,0,0,3,30,13,0,0,15,0,10,0,0,0,0,0,0,0,17,15,0,0,5,0,0,0,10,0,0,0,0,4
Salvia tesquicola Klokov & Pobed.,Magnoliopsida,Lamiales,Lamiaceae,Salvia,nemorosa,1,Salvia tesquicola Klokov & Pobed.,SPECIES,L.,Salvia nemorosa L.,0,0,3,0,0,0,3,0,1,4,6,0,0,0,0,10,5,0,15,7,8,0,0,0,0,0,0,3,0,4,0,7,10,0,0,0,0,5,2,0,7,0,0,0,7,25,0,7,5,15,7,8,0,0,0,0,2,0,0,0,0,0,0,0,0,0,0,0
Scorzonera mollis M.Bieb.,Magnoliopsida,Asterales,Asteraceae,Candollea,mollis,1,Scorzonera mollis M. Bieb.,SPECIES,(M.Bieb.) Yild.,Candollea mollis (M.Bieb.) Yild.,3,0,0,0,0,0,0,0,0,0,0,0,0,0,0,0,0,0,0,0,0,0,0,0,0,0,0,0,0,0,0,0,0,0,0,0,0,0,0,0,0,0,0,0,0,0,0,0,0,0,0,0,0,0,0,0,0,0,0,0,0,0,0,0,0,0,0,0
Securigera varia (L.) Lassen,Magnoliopsida,Fabales,Fabaceae,Coronilla,varia,1,Securigera varia (L.) Lassen,SPECIES,L.,Coronilla varia L.,5,0,0,0,0,0,0,0,0,0,9,0,0,0,0,0,0,12,0,0,0,0,0,6,0,0,0,25,20,0,0,0,10,6,0,0,0,9,0,0,0,0,0,0,15,0,0,0,8,0,13,13,0,0,5,0,0,0,2,0,10,15,0,0,0,0,0,5
Stachys transsilvanica Schur,Magnoliopsida,Lamiales,Lamiaceae,Stachys,recta,1,Stachys transsilvanica Schur,SPECIES,L.,Stachys recta L.,7,7,3,0,0,0,0,0,10,0,1,5,0,0,5,8,14,8,0,0,0,0,0,0,0,0,0,0,0,0,0,0,0,0,2,0,0,0,0,0,8,10,5,0,18,5,0,0,0,0,0,0,0,0,3,0,0,0,0,0,0,0,0,0,0,0,0,2
Stipa dasyphylla (Lindem.) Czern. ex Trautv.,Liliopsida,Poales,Poaceae,Stipa,dasyphylla,0,Stipa dasyphylla (Czern. ex Lindem.) Trautv.,SPECIES,(Lindem.) Czern. ex Trautv.,Stipa dasyphylla (Lindem.) Czern. ex Trautv.,5,25,7,0,0,0,0,0,0,0,0,0,0,0,0,0,0,0,0,0,0,0,0,0,0,0,0,0,0,0,0,0,0,0,0,0,0,0,0,0,0,0,0,0,0,0,0,0,0,0,0,0,0,0,0,0,0,0,0,0,0,0,0,0,0,0,0,0
Stipa grafiana Steven,Liliopsida,Poales,Poaceae,Stipa,pulcherrima,1,Stipa grafiana Steven,SPECIES,K.Koch,Stipa pulcherrima K.Koch,0,0,10,0,0,0,0,0,0,0,0,0,0,0,0,0,2,0,0,0,0,0,0,0,0,0,0,0,0,0,0,0,0,0,0,0,0,0,0,0,0,0,0,0,0,0,0,0,0,0,0,0,0,0,0,0,0,0,0,0,0,0,0,0,0,0,0,0
Stipa lessingiana Trin. & Rupr.,Liliopsida,Poales,Poaceae,Stipa,lessingiana,0,Stipa lessingiana Trin. & Rupr.,SPECIES,Trin. & Rupr.,Stipa lessingiana Trin. & Rupr.,3,15,25,0,0,0,0,0,0,0,0,8,0,5,0,5,8,0,50,60,0,0,0,0,20,0,0,0,0,0,0,0,60,15,35,20,30,20,0,0,0,0,6,0,0,0,9,0,0,0,0,0,0,0,0,0,0,0,0,0,0,0,15,10,7,0,0,15
Stipa ucrainica P.A.Smirn.,Liliopsida,Poales,Poaceae,Stipa,ucrainica,0,Stipa ucrainica P.A. Smirn.,SPECIES,P.A.Smirn.,Stipa ucrainica P.A.Smirn.,0,0,5,0,0,0,0,0,0,0,0,0,0,0,0,0,0,0,0,0,0,0,0,0,0,0,0,0,0,0,0,0,0,5,0,0,0,15,0,0,0,0,0,0,0,0,0,0,0,0,0,0,0,0,0,0,0,0,20,0,0,0,0,0,0,0,0,0
Stipa zalesskii Wilensky,Liliopsida,Poales,Poaceae,Stipa,zalesskii,0,Stipa zalesskii Wilensky,SPECIES,Wilensky,Stipa zalesskii Wilensky,5,0,0,0,0,0,0,0,0,0,0,0,0,0,0,0,0,0,0,0,0,0,0,0,10,0,0,0,0,0,0,0,0,0,0,0,0,0,0,0,0,0,0,0,0,0,0,0,0,0,0,0,0,0,0,0,0,0,0,0,0,0,10,0,0,0,0,0
Thalictrum minus L.,Magnoliopsida,Ranunculales,Ranunculaceae,Thalictrum,minus,0,Thalictrum minus L.,SPECIES,L.,Thalictrum minus L.,0,0,7,0,0,0,0,0,0,0,0,0,0,0,0,0,0,0,0,0,0,0,0,0,3,0,6,0,0,0,0,0,0,0,0,5,20,3,0,0,0,0,1,0,0,0,0,0,0,0,0,0,0,0,0,0,0,0,0,0,0,0,0,0,0,0,0,0
Thymus marschallianus Willd.,Magnoliopsida,Lamiales,Lamiaceae,Thymus,pannonicus,1,Thymus marschallianus Willd.,SPECIES,All.,Thymus pannonicus All.,0,0,1,0,0,0,0,0,0,0,8,0,0,0,0,0,0,0,4,30,0,0,0,0,0,0,0,0,0,0,0,0,0,0,0,0,0,15,5,0,0,0,0,0,40,0,0,0,0,0,0,0,0,0,0,0,20,0,0,0,0,0,30,7,0,5,0,0
Thymus ×dimorphus Klokov & Des.-Shost.,Magnoliopsida,Lamiales,Lamiaceae,Thymus,dimorphus,0,Thymus dimorphus Klokov & Des.-Shost.,SPECIES,Thymus ×dimorphus Klokov & Des.-Shost.,Thymus dimorphus Thymus ×dimorphus Klokov & Des.-Shost.,0,5,5,0,0,0,0,0,0,7,20,0,0,0,0,0,0,0,15,0,11,0,0,0,0,0,0,0,0,0,40,25,4,4,10,8,0,5,0,0,0,15,0,0,18,0,8,0,0,0,0,0,0,0,18,0,10,0,0,0,0,0,0,0,0,12,15,20
Verbascum phoeniceum L.,Magnoliopsida,Lamiales,Scrophulariaceae,Verbascum,phoeniceum,0,Verbascum phoeniceum L.,SPECIES,L.,Verbascum phoeniceum L.,0,1,3,0,0,0,0,0,0,0,0,0,0,0,0,0,0,0,0,0,0,0,0,0,0,0,0,0,0,0,0,0,0,0,0,0,0,0,0,0,0,0,0,0,0,0,0,0,0,0,0,0,0,0,0,1,0,0,0,0,0,0,0,0,0,0,0,0
Vinca herbacea Waldst. & Kit.,Magnoliopsida,Gentianales,Apocynaceae,Vinca,herbacea,0,Vinca herbacea Waldst. & Kit.,SPECIES,Waldst. & Kit.,Vinca herbacea Waldst. & Kit.,0,0,7,0,0,0,0,0,0,0,0,0,0,0,0,0,0,0,0,0,0,0,0,0,3,0,0,0,0,0,0,0,0,3,0,0,0,0,0,0,0,0,0,0,0,0,0,0,0,0,0,0,0,0,5,0,0,0,0,0,0,0,0,0,0,0,0,0
Vincetoxicum hirundinaria Medik.,Magnoliopsida,Gentianales,Apocynaceae,Vincetoxicum,hirundinaria,0,Vincetoxicum hirundinaria Medik.,SPECIES,Medik.,Vincetoxicum hirundinaria Medik.,0,0,3,0,0,0,0,0,0,0,0,0,0,0,0,0,0,0,0,0,0,0,0,0,0,0,0,0,0,0,0,0,0,0,0,0,0,0,0,0,0,0,0,0,0,0,0,0,0,0,0,0,0,0,0,0,0,0,0,0,0,0,0,0,0,0,0,0
Achillea stepposa Klokov & Krytzka,Magnoliopsida,Asterales,Asteraceae,Achillea,stepposa,0,Achillea stepposa Klokov & Krytzka,SPECIES,Klokov & Krytzka,Achillea stepposa Klokov & Krytzka,0,0,0,7,0,0,0,0,0,0,15,3,20,10,6,0,0,16,6,15,0,0,0,0,15,0,0,0,0,0,0,0,0,0,0,0,0,0,0,0,0,0,0,0,0,0,0,0,0,0,0,0,0,0,0,0,0,0,0,0,0,0,0,0,0,0,0,0
Anisantha tectorum (L.) Nevski,Liliopsida,Poales,Poaceae,Bromus,tectorum,1,Anisantha tectorum (L.) Nevski,SPECIES,L.,Bromus tectorum L.,0,0,0,0,15,0,0,3,35,0,0,0,0,0,0,0,0,0,0,0,0,0,0,0,0,0,0,0,0,0,0,0,0,0,0,0,0,0,0,0,0,0,0,0,20,0,0,0,0,20,10,0,0,0,0,0,0,0,0,0,0,0,0,0,0,0,0,0
Artemisia austriaca Jacq.,Magnoliopsida,Asterales,Asteraceae,Artemisia,austriaca,0,Artemisia austriaca Jacq.,SPECIES,Jacq.,Artemisia austriaca Jacq.,0,0,0,10,0,1,3,0,0,0,0,0,0,0,0,0,3,8,14,9,0,0,0,0,0,0,0,0,0,0,9,6,0,0,20,9,7,9,0,0,14,5,0,0,35,0,0,15,0,10,0,0,17,0,0,23,2,7,0,0,0,0,7,17,12,0,0,0
Astragalus onobrychis L.,Magnoliopsida,Fabales,Fabaceae,Astragalus,onobrychis,0,Astragalus onobrychis L.,SPECIES,L.,Astragalus onobrychis L.,0,0,0,20,0,0,0,0,0,0,3,0,0,0,0,0,0,0,0,0,0,0,0,0,0,0,0,0,0,0,0,0,0,0,0,0,0,0,0,0,0,0,0,0,0,0,0,0,0,0,0,0,0,0,0,0,0,0,0,0,0,0,0,0,0,0,0,0
Centaurea diffusa Lam.,Magnoliopsida,Asterales,Asteraceae,Centaurea,diffusa,0,Centaurea diffusa Lam.,SPECIES,Lam.,Centaurea diffusa Lam.,0,0,0,0,5,0,0,0,0,0,0,0,10,7,3,1,1,8,3,0,0,0,0,0,0,0,0,0,0,0,4,10,0,2,0,0,0,0,0,0,0,0,2,0,0,0,0,35,0,0,0,0,5,0,0,0,0,0,0,0,0,0,0,0,0,0,0,0
Euphorbia seguieriana Neck.,Magnoliopsida,Malpighiales,Euphorbiaceae,Euphorbia,seguieriana,0,Euphorbia seguieriana Neck.,SPECIES,Neck.,Euphorbia seguieriana Neck.,0,0,0,7,5,7,0,0,5,0,5,10,10,10,10,0,7,5,4,4,2,0,0,0,0,0,0,0,0,0,0,0,0,0,0,7,0,5,0,0,0,0,0,0,13,0,0,0,4,0,0,7,6,0,0,0,10,2,5,10,0,5,0,0,0,0,0,0
Galium pseudohumifusum Ostapko,Magnoliopsida,Gentianales,Rubiaceae,Galium,humifusum,1,Galium pseudohumifusum (Klokov) Ostapko,SPECIES,M.Bieb.,Galium humifusum M.Bieb.,0,0,0,3,0,0,5,0,7,0,0,0,0,0,0,0,0,0,0,0,0,0,0,0,0,0,0,7,0,14,0,0,0,0,0,0,0,0,10,0,0,25,0,10,0,30,0,0,17,25,20,24,0,0,0,0,9,0,0,0,0,0,0,0,0,0,0,0
Hypericum perforatum L.,Magnoliopsida,Malpighiales,Hypericaceae,Hypericum,perforatum,0,Hypericum perforatum L.,SPECIES,L.,Hypericum perforatum L.,0,0,0,0,7,0,0,0,0,0,0,0,0,0,4,0,1,6,5,0,0,0,0,0,0,0,0,0,0,0,0,0,0,0,0,0,0,0,0,0,0,0,0,0,0,0,0,0,0,0,0,5,20,0,0,0,0,0,0,0,0,0,4,4,2,8,0,0
Inula germanica L.,Magnoliopsida,Asterales,Asteraceae,Pentanema,germanicum,1,Inula germanica L.,SPECIES,"(L.) D.Gut.Larr., Santos-Vicente, Anderb., E.Rico & M.M.Mart.Ort.","Pentanema germanicum (L.) D.Gut.Larr., Santos-Vicente, Anderb., E.Rico & M.M.Mart.Ort.",0,0,0,0,7,0,0,1,0,0,0,0,0,0,0,0,0,0,0,0,0,0,0,0,0,0,0,0,0,0,0,0,0,0,0,0,0,0,0,0,0,0,0,0,0,0,0,0,0,0,0,0,0,0,0,0,0,0,0,0,0,0,0,0,0,0,0,0
Linum czernjajevii Klokov,Magnoliopsida,Malpighiales,Linaceae,Linum,pallasianum,1,Linum czernjajevii Klokov,SPECIES,Schult.,Linum pallasianum Schult.,0,0,0,0,3,0,0,0,0,0,0,0,0,0,0,1,0,0,0,0,0,0,0,0,14,14,30,0,0,0,10,0,0,0,10,0,0,0,0,0,0,40,0,0,0,0,17,0,0,0,0,0,0,0,30,0,0,0,0,0,0,0,0,0,0,0,0,40
Medicago romanica Prodan,Magnoliopsida,Fabales,Fabaceae,Medicago,falcata,1,Medicago romanica Prodán,SPECIES,L.,Medicago falcata L.,0,0,0,15,10,0,5,0,3,5,0,0,3,7,5,15,20,20,18,0,7,0,0,0,0,0,0,0,6,0,3,0,10,5,11,10,7,9,7,10,4,0,0,0,15,8,0,10,18,9,12,15,0,0,8,8,15,15,4,15,0,0,0,11,0,0,0,8
Melilotus officinalis (L.) Lam.,Magnoliopsida,Fabales,Fabaceae,Melilotus,officinalis,0,Melilotus officinalis (L.) Lam.,SPECIES,(L.) Lam.,Melilotus officinalis (L.) Lam.,0,0,0,3,10,35,0,0,0,0,0,0,1,1,0,0,0,0,0,0,0,0,0,0,0,0,0,0,0,0,0,0,0,0,0,0,0,0,0,0,0,0,0,0,0,0,0,0,0,0,0,0,0,0,0,0,0,0,27,0,0,0,0,0,0,0,0,0
Otites wolgensis (Hornem.) Grossh.,Magnoliopsida,Caryophyllales,Caryophyllaceae,Silene,wolgensis,1,Otites wolgensis (Hornem.) Grossh.,SPECIES,(Hornem.) Otth,Silene wolgensis (Hornem.) Otth,0,0,0,0,0,5,0,0,0,0,0,0,0,0,0,4,0,0,0,0,0,0,0,0,0,0,0,0,0,0,0,0,0,0,0,0,0,0,0,0,0,7,0,0,0,0,0,0,0,0,0,0,0,0,0,0,0,0,0,0,0,0,0,0,0,0,2,0
Polygonum aviculare L.,Magnoliopsida,Caryophyllales,Polygonaceae,Polygonum,aviculare,0,Polygonum aviculare L.,SPECIES,L.,Polygonum aviculare L.,0,0,0,0,7,0,0,0,0,0,0,0,0,0,0,0,0,0,0,0,0,1,0,0,0,0,0,0,0,0,0,0,0,0,0,0,0,0,0,0,0,6,0,0,0,0,0,0,0,0,0,0,0,0,0,0,0,0,0,0,0,0,0,0,0,0,0,0
Potentilla argentea L.,Magnoliopsida,Rosales,Rosaceae,Potentilla,argentea,0,Potentilla argentea L.,SPECIES,L.,Potentilla argentea L.,0,0,0,5,5,0,0,0,0,0,0,0,2,0,7,0,0,7,3,0,0,0,0,0,0,0,0,0,0,0,0,0,0,0,0,0,0,0,0,0,0,0,0,0,0,0,0,0,0,0,0,1,0,0,0,0,0,0,0,0,0,0,0,0,0,0,0,0
Salvia aethiopis L.,Magnoliopsida,Lamiales,Lamiaceae,Salvia,aethiopis,0,Salvia aethiopis L.,SPECIES,L.,Salvia aethiopis L.,0,0,0,0,2,0,0,0,0,0,0,0,0,0,0,0,0,0,0,0,0,0,0,0,0,0,0,0,0,0,0,0,0,0,0,0,0,0,0,0,0,0,0,0,2,0,0,3,0,0,0,0,0,0,0,0,0,0,0,0,0,0,0,0,0,0,0,0
Stipa capillata L.,Liliopsida,Poales,Poaceae,Stipa,capillata,0,Stipa capillata L.,SPECIES,L.,Stipa capillata L.,0,0,0,0,1,0,0,0,0,0,10,7,0,0,0,0,0,0,0,0,0,0,0,0,0,0,0,0,0,0,25,0,2,0,9,7,4,2,0,0,0,0,0,0,0,0,0,0,0,0,0,5,0,0,0,7,0,1,0,0,0,0,5,0,0,0,0,9
Tanacetum millefolium (L.) Tzvelev,Magnoliopsida,Asterales,Asteraceae,Tanacetum,millefolium,0,Tanacetum millefolium (L.) Tzvelev,SPECIES,(L.) Tzvelev,Tanacetum millefolium (L.) Tzvelev,0,0,0,3,0,0,0,0,0,10,20,0,15,15,8,0,0,0,0,5,10,0,0,0,0,0,0,0,0,0,0,0,0,18,0,0,0,0,0,0,0,0,5,0,0,0,0,0,0,0,0,0,6,5,5,0,17,0,0,0,0,0,0,8,35,14,0,0
Tragopogon tesquicola Klokov,Magnoliopsida,Asterales,Asteraceae,Tragopogon,dubius,1,Tragopogon tesquicola Klokov,SPECIES,Scop.,Tragopogon dubius Scop.,0,0,0,0,0,1,0,0,0,0,0,0,0,0,0,0,0,0,0,0,0,0,5,9,0,0,0,0,0,0,0,0,0,0,0,0,0,0,0,0,0,0,0,0,0,0,0,0,0,0,0,0,0,0,0,0,0,0,0,0,0,0,0,0,0,0,0,0
Achillea pannonica Scheele,Magnoliopsida,Asterales,Asteraceae,Achillea,pannonica,0,Achillea pannonica Scheele,SPECIES,Scheele,Achillea pannonica Scheele,0,0,0,0,0,0,0,10,3,0,0,7,5,0,0,7,0,25,0,9,13,0,0,0,0,0,0,0,0,0,0,0,16,0,0,5,0,0,0,0,13,3,0,5,0,15,0,0,9,0,0,20,18,15,3,0,20,0,0,0,0,0,0,0,0,0,0,0
Anchusa officinalis L.,Magnoliopsida,Boraginales,Boraginaceae,Anchusa,officinalis,0,Anchusa officinalis L.,SPECIES,L.,Anchusa officinalis L.,0,0,0,0,0,0,0,5,0,0,0,0,0,0,0,0,0,0,0,0,0,0,0,0,0,0,0,0,0,0,0,0,0,0,0,0,0,0,0,0,0,0,0,0,0,0,0,0,0,0,0,0,0,0,0,0,0,0,0,0,0,0,0,0,0,0,0,0
Berteroa incana (L.) DC.,Magnoliopsida,Brassicales,Brassicaceae,Berteroa,incana,0,Berteroa incana (L.) DC.,SPECIES,(L.) DC.,Berteroa incana (L.) DC.,0,0,0,0,0,0,0,5,0,0,0,0,0,0,0,0,0,0,0,0,0,0,0,0,0,0,0,0,0,0,0,0,0,0,0,0,0,0,0,0,0,0,0,0,0,5,0,0,0,0,0,0,0,0,0,0,0,0,0,0,0,0,0,0,0,0,0,0
Calamagrostis epigejos (L.) Roth,Liliopsida,Poales,Poaceae,Calamagrostis,epigejos,0,Calamagrostis epigeios (L.) Roth,SPECIES,(L.) Roth,Calamagrostis epigejos (L.) Roth,0,0,0,0,0,0,0,40,0,0,0,0,0,0,0,0,0,0,0,0,0,0,0,0,0,0,0,0,15,50,0,0,0,0,0,0,0,0,0,0,0,0,0,10,0,0,0,0,0,0,0,0,0,0,0,0,0,0,0,0,0,0,0,0,0,0,0,0
Cardaria draba (L.) Desv.,Magnoliopsida,Brassicales,Brassicaceae,Lepidium,draba,1,Cardaria draba (L.) Desv.,SPECIES,L.,Lepidium draba L.,0,0,0,0,0,0,0,10,0,0,0,0,0,0,0,0,0,0,0,0,0,0,0,0,0,0,0,0,0,0,0,0,0,0,0,0,0,0,0,0,0,0,0,0,0,0,0,0,0,0,0,0,0,0,0,0,0,0,0,0,0,0,0,0,0,0,0,0
Carex hartmanii Cajander,Liliopsida,Poales,Cyperaceae,Carex,hartmaniorum,1,Carex hartmanii Cajand.,SPECIES,A.Cajander,Carex hartmaniorum A.Cajander,0,0,0,0,0,0,0,15,0,0,0,0,0,0,0,0,0,0,0,0,0,0,0,0,0,0,0,0,0,0,0,0,0,0,0,0,0,0,0,0,0,0,0,0,0,0,0,0,0,0,0,0,0,0,0,0,0,0,0,0,0,0,0,0,0,0,0,0
Daucus carota L.,Magnoliopsida,Apiales,Apiaceae,Daucus,carota,0,Daucus carota L.,SPECIES,L.,Daucus carota L.,0,0,0,0,0,0,0,3,0,0,0,0,0,0,0,0,0,0,0,0,0,0,9,0,0,0,0,0,0,0,0,0,0,0,0,0,0,0,0,0,0,0,0,0,0,0,0,0,7,0,0,0,7,10,0,0,0,0,0,0,0,0,0,0,0,0,0,0
Elytrigia repens (L.) Nevski,Liliopsida,Poales,Poaceae,Elymus,repens,1,Elytrigia repens (L.) Nevski,SPECIES,(L.) Gould,Elymus repens (L.) Gould,0,0,0,0,0,0,5,0,0,7,4,7,1,3,0,10,15,13,0,0,0,90,5,40,0,0,0,12,45,20,0,0,0,1,0,0,0,0,7,60,0,6,0,5,0,0,0,5,60,50,60,10,0,0,0,1,0,0,0,13,70,70,0,0,0,0,0,7
Festuca pratensis Huds.,Liliopsida,Poales,Poaceae,Lolium,pratense,1,Festuca pratensis Huds.,SPECIES,(Huds.) Darbysh.,Lolium pratense (Huds.) Darbysh.,0,0,0,0,0,0,0,5,0,0,0,0,0,0,0,0,0,0,0,0,0,0,0,0,0,0,0,0,0,0,0,0,0,0,0,0,0,0,0,0,0,0,0,20,0,0,0,0,0,0,0,0,0,0,0,0,0,0,0,0,0,0,0,0,0,0,0,0
Galatella dracunculoides (Lam.) Nees,Magnoliopsida,Asterales,Asteraceae,Galatella,sedifolia,1,Galatella dracunculoides (Lam.) Ness,SPECIES,(L.) Greuter,Galatella sedifolia (L.) Greuter,0,0,0,0,0,0,0,0,3,0,0,0,1,0,0,0,0,0,0,0,0,0,3,6,0,0,0,15,15,0,0,0,0,0,0,0,0,0,25,0,0,0,0,14,0,0,0,0,0,0,0,0,0,4,0,0,0,0,0,30,0,10,0,0,2,0,0,0
Glechoma hederacea L.,Magnoliopsida,Lamiales,Lamiaceae,Glechoma,hederacea,0,Glechoma hederacea L.,SPECIES,L.,Glechoma hederacea L.,0,0,0,0,0,0,0,5,0,0,0,0,0,0,0,0,0,0,0,0,0,0,0,0,0,0,0,0,0,0,0,0,0,0,0,0,0,0,0,0,0,0,0,5,0,0,0,0,0,0,0,0,0,0,0,0,0,0,0,0,0,0,0,0,0,0,0,0
Limonium platyphyllum Lincz.,Magnoliopsida,Caryophyllales,Plumbaginaceae,Limonium,platyphyllum,0,Limonium platyphyllum Lincz.,SPECIES,Lincz.,Limonium platyphyllum Lincz.,0,0,0,0,0,0,3,15,0,0,0,0,0,0,0,0,0,0,0,0,0,0,0,0,0,0,0,0,0,0,0,0,0,0,0,0,0,0,0,0,0,0,0,0,0,0,0,0,0,0,0,0,0,0,0,0,0,0,0,0,0,0,0,0,0,0,0,0
Vicia tenuifolia Roth,Magnoliopsida,Fabales,Fabaceae,Vicia,tenuifolia,0,Vicia tenuifolia Roth,SPECIES,Roth,Vicia tenuifolia Roth,0,0,0,0,0,0,10,7,20,0,0,0,0,0,0,0,0,0,0,0,0,0,0,0,0,0,0,0,0,0,0,0,0,0,0,0,0,0,0,0,0,0,0,0,0,0,0,0,0,0,0,0,0,0,0,0,0,0,0,0,0,0,0,0,0,0,0,0
Achillea nobilis L.,Magnoliopsida,Asterales,Asteraceae,Achillea,nobilis,0,Achillea nobilis L.,SPECIES,L.,Achillea nobilis L.,0,0,0,0,0,0,0,0,0,7,0,0,0,0,0,5,25,0,0,0,0,5,15,5,0,0,0,7,0,0,8,10,0,9,0,0,0,0,0,0,0,15,0,0,0,5,0,25,11,15,35,7,6,10,10,11,0,0,25,0,0,0,0,0,0,0,0,6
Agrimonia eupatoria L.,Magnoliopsida,Rosales,Rosaceae,Agrimonia,eupatoria,0,Agrimonia eupatoria L.,SPECIES,L.,Agrimonia eupatoria L.,0,0,0,0,0,0,0,0,0,0,0,5,8,0,0,0,0,7,0,2,1,3,5,8,0,0,0,0,0,0,0,0,0,0,0,0,0,0,5,0,0,0,0,0,0,0,0,0,0,0,0,10,0,18,0,0,0,0,10,10,0,0,0,0,0,0,0,0
Artemisia vulgaris L.,Magnoliopsida,Asterales,Asteraceae,Artemisia,vulgaris,0,Artemisia vulgaris L.,SPECIES,L.,Artemisia vulgaris L.,0,0,0,0,0,0,0,0,0,1,0,0,0,0,0,0,0,0,0,0,0,0,0,0,0,0,0,0,0,0,0,0,0,0,0,0,0,0,0,0,0,0,0,0,0,0,0,0,0,0,0,0,0,0,0,0,0,0,0,0,0,0,0,0,0,0,0,0
Hieracium robustum Fr.,Magnoliopsida,Asterales,Asteraceae,Hieracium,robustum,0,Hieracium robustum Fr.,SPECIES,Fr.,Hieracium robustum Fr.,0,0,0,0,0,0,0,0,0,0,5,0,0,5,5,5,0,0,0,0,0,0,0,0,0,0,0,0,0,0,0,0,0,0,0,0,0,0,0,0,0,0,0,0,0,0,0,0,0,0,0,0,0,0,0,0,0,0,0,0,0,0,0,0,0,0,0,0
Lotus ×ucrainicus Klokov,Magnoliopsida,Fabales,Fabaceae,Lotus,ucrainicus,0,Lotus ×ucrainicus Klokov,SPECIES,Lotus ×ucrainicus Klokov,Lotus ucrainicus Lotus ×ucrainicus Klokov,0,0,0,0,0,0,0,0,0,0,1,0,0,0,0,0,0,0,0,0,0,0,0,0,0,0,0,0,0,0,0,0,0,0,0,0,0,0,0,0,0,0,0,0,0,0,0,0,5,0,10,15,2,0,0,0,0,0,0,15,0,0,0,0,0,0,0,0
Potentilla astracanica Jacq.,Magnoliopsida,Rosales,Rosaceae,Potentilla,astracanica,0,Potentilla astracanica Jacq.,SPECIES,Jacq.,Potentilla astracanica Jacq.,0,0,0,0,0,0,0,0,0,5,0,0,0,3,3,0,0,0,0,0,0,0,0,0,0,0,0,0,0,0,0,0,0,0,0,0,0,0,0,0,0,0,0,0,0,0,0,0,0,0,0,0,0,0,0,0,0,0,0,0,0,0,0,0,0,0,15,0
Teucrium polium L.,Magnoliopsida,Lamiales,Lamiaceae,Teucrium,polium,0,Teucrium polium L.,SPECIES,L.,Teucrium polium L.,0,0,0,0,0,0,0,0,0,0,5,10,0,0,0,0,0,0,0,0,7,0,0,0,12,8,11,0,0,0,7,0,2,4,12,4,0,3,0,0,8,5,0,0,20,0,10,0,0,0,0,0,0,0,5,0,0,0,0,0,0,0,13,0,0,0,0,0
Alyssum desertorum Stapf,Magnoliopsida,Brassicales,Brassicaceae,Alyssum,turkestanicum,1,Alyssum desertorum Stapf,SPECIES,Regel & Schmalh.,Alyssum turkestanicum Regel & Schmalh.,0,0,0,0,0,0,0,0,0,0,0,0,0,0,1,0,0,0,0,0,0,0,0,0,0,0,0,0,0,0,0,0,0,0,0,0,0,0,0,0,0,0,0,0,0,0,0,0,0,0,0,0,0,0,0,0,0,0,0,0,0,0,0,0,0,0,0,0
Cirsium ukranicum Besser,Magnoliopsida,Asterales,Asteraceae,Lophiolepis,ukranica,1,Cirsium ukranicum Besser,SPECIES,"(Besser ex DC.) Del Guacchio, Bures, Iamonico & P.Caputo","Lophiolepis ukranica (Besser ex DC.) Del Guacchio, Bures, Iamonico & P.Caputo",0,0,0,0,0,0,0,0,0,0,0,0,2,2,0,0,0,0,0,0,0,0,0,0,0,0,0,0,0,0,0,0,0,0,0,0,0,0,0,0,0,0,0,0,0,0,0,0,0,0,0,0,0,0,0,0,0,0,0,0,0,0,0,0,0,0,0,0
Dianthus elongatus C.A.Mey.,Magnoliopsida,Caryophyllales,Caryophyllaceae,Dianthus,elongatus,0,Dianthus elongatus C.A. Mey.,SPECIES,C.A.Mey.,Dianthus elongatus C.A.Mey.,0,0,0,0,0,0,0,0,0,0,0,0,2,0,0,2,0,0,0,0,0,0,0,0,0,0,0,0,0,0,0,0,0,0,0,6,0,0,0,0,0,0,0,0,0,0,0,0,0,0,0,0,0,0,0,0,0,0,0,10,0,0,0,0,0,0,0,4
Erysimum canescens Roth,Magnoliopsida,Brassicales,Brassicaceae,Erysimum,canescens,0,Erysimum canescens Roth,SPECIES,Roth,Erysimum canescens Roth,0,0,0,0,0,0,0,0,0,0,0,0,0,0,1,0,0,0,3,3,0,0,0,0,0,0,0,0,0,0,0,0,0,0,0,0,0,0,0,0,0,0,0,0,0,0,0,0,0,0,0,0,0,0,0,0,0,0,0,0,0,0,0,0,0,0,0,0
Galium humifusum M.Bieb.,Magnoliopsida,Gentianales,Rubiaceae,Galium,humifusum,0,Galium humifusum M. Bieb.,SPECIES,M.Bieb.,Galium humifusum M.Bieb.,0,0,0,0,0,0,0,0,0,0,0,0,7,0,0,0,0,0,5,2,0,0,0,0,0,0,0,0,10,0,0,0,4,5,0,4,5,0,0,0,0,0,0,0,0,0,0,0,0,0,0,0,0,0,0,0,0,0,0,0,0,0,0,0,0,0,0,0
Hierochloe stepporum P.A.Smirn.,Liliopsida,Poales,Poaceae,Anthoxanthum,repens,1,Hierochloa stepporum P.A. Smirn.,SPECIES,(Host) Veldkamp,Anthoxanthum repens (Host) Veldkamp,0,0,0,0,0,0,0,0,0,0,0,0,0,0,15,25,0,5,0,0,0,0,0,0,0,0,0,0,0,0,0,0,0,0,0,0,0,0,0,0,10,0,0,0,0,0,0,0,0,0,0,0,0,0,0,0,0,0,0,0,0,0,0,0,0,0,0,0
Lactuca saligna L.,Magnoliopsida,Asterales,Asteraceae,Lactuca,saligna,0,Lactuca saligna L.,SPECIES,L.,Lactuca saligna L.,0,0,0,0,0,0,0,0,0,0,0,0,0,2,0,0,0,0,0,0,0,0,0,0,0,0,0,0,0,0,0,0,0,0,0,0,0,0,0,0,0,0,0,0,0,0,0,0,0,0,0,0,0,0,0,0,0,0,0,0,0,0,0,0,0,0,0,0
Medicago lupulina L.,Magnoliopsida,Fabales,Fabaceae,Medicago,lupulina,0,Medicago lupulina L.,SPECIES,L.,Medicago lupulina L.,0,0,0,0,0,0,0,0,0,0,0,0,2,0,0,0,0,0,0,0,0,0,0,3,0,0,0,0,0,0,0,0,0,0,0,0,0,0,0,0,0,0,0,0,0,0,0,0,0,0,0,0,0,0,0,0,0,0,0,0,0,0,0,0,0,0,0,0
"Pilosella officinarum F.W.Schultz & Sch.Bip., 1862",Magnoliopsida,Asterales,Asteraceae,Pilosella,officinarum,0,Pilosella officinаrum F. Schult. & Sch. Bip.,SPECIES,Vaill.,Pilosella officinarum Vaill.,0,0,0,0,0,0,0,0,0,0,0,0,1,0,0,0,0,0,0,0,4,0,0,0,0,0,0,0,0,0,0,0,0,0,0,0,0,0,0,0,0,0,0,0,0,0,0,0,0,0,0,9,7,11,0,0,0,0,0,0,0,0,0,0,0,0,0,0
Potentilla humifusa Willd. ex D.F.K.Schltdl.,Magnoliopsida,Rosales,Rosaceae,Potentilla,humifusa,0,Potentilla humifusa Willd. ex Schlecht.,SPECIES,Willd. ex D.F.K.Schltdl.,Potentilla humifusa Willd. ex D.F.K.Schltdl.,0,0,0,0,0,0,0,0,0,0,0,0,2,0,0,4,6,8,0,0,0,0,0,0,0,0,0,0,0,0,0,0,0,0,0,0,0,0,0,2,0,4,3,0,11,0,6,0,0,0,0,4,0,0,2,0,15,18,0,0,0,0,0,0,0,5,0,0
Reseda lutea L.,Magnoliopsida,Brassicales,Resedaceae,Reseda,lutea,0,Reseda lutea L.,SPECIES,L.,Reseda lutea L.,0,0,0,0,0,0,0,0,0,0,0,0,7,5,0,7,0,0,0,0,0,0,0,3,0,0,0,0,0,0,0,0,0,0,0,0,0,0,0,1,0,0,0,0,8,0,0,0,0,0,0,0,0,0,0,0,0,0,0,0,15,7,0,0,0,0,0,0
Scorzonera stricta Hornem.,Magnoliopsida,Asterales,Asteraceae,Pseudopodospermum,tauricum,1,Scorzonera stricta Hornem.,SPECIES,(M.Bieb.) Vasjukov & Saksonov,Pseudopodospermum tauricum (M.Bieb.) Vasjukov & Saksonov,0,0,0,0,0,0,0,0,0,0,0,0,1,0,0,0,0,0,0,0,0,0,0,0,0,0,0,0,0,0,0,0,0,0,0,0,0,0,0,0,0,0,0,0,0,0,0,0,0,0,0,0,0,0,0,0,0,0,0,0,0,0,0,0,0,0,0,0
Sonchus asper (L.) Hill,Magnoliopsida,Asterales,Asteraceae,Sonchus,asper,0,Sonchus asper (L.) Hill,SPECIES,(L.) Hill,Sonchus asper (L.) Hill,0,0,0,0,0,0,0,0,0,0,0,0,0,2,0,0,0,0,0,0,0,0,11,7,0,0,0,0,0,0,0,0,0,0,0,0,0,0,0,0,0,0,0,0,0,0,0,0,0,0,0,0,0,0,0,0,0,0,0,0,0,0,0,0,0,0,0,0
Sonchus oleraceus L.,Magnoliopsida,Asterales,Asteraceae,Sonchus,oleraceus,0,Sonchus oleraceus L.,SPECIES,L.,Sonchus oleraceus L.,0,0,0,0,0,0,0,0,0,0,0,0,0,0,2,0,0,0,0,0,0,0,0,0,0,0,0,0,0,0,0,0,0,0,0,0,0,0,0,0,0,0,0,0,0,0,0,0,0,0,0,0,0,0,0,0,0,0,0,0,0,0,0,0,0,0,0,0
Stipa tirsa Steven,Liliopsida,Poales,Poaceae,Stipa,tirsa,0,Stipa tirsa Steven,SPECIES,Steven,Stipa tirsa Steven,0,0,0,0,0,0,0,0,0,0,0,0,6,3,0,0,0,0,0,0,0,0,0,0,0,0,0,0,0,0,0,0,0,0,0,0,0,0,0,0,0,0,0,0,0,0,0,0,0,0,0,0,0,0,0,0,0,0,0,0,0,0,0,0,0,0,0,0
Artemisia marschalliana Spreng.,Magnoliopsida,Asterales,Asteraceae,Artemisia,marschalliana,0,Artemisia marschalliana Spreng.,SPECIES,Spreng.,Artemisia marschalliana Spreng.,0,0,0,0,0,0,0,0,0,0,0,0,0,0,0,5,0,0,0,0,0,0,0,0,0,0,0,0,0,0,4,0,0,0,0,0,3,0,0,0,0,0,0,0,0,0,0,0,0,0,0,0,0,0,0,0,0,0,0,0,0,0,0,0,0,0,0,0
Centaurea scabiosa L.,Magnoliopsida,Asterales,Asteraceae,Centaurea,scabiosa,0,Centaurea scabiosa L.,SPECIES,L.,Centaurea scabiosa L.,0,0,0,0,0,0,0,0,0,0,0,0,0,0,0,0,6,2,0,0,0,0,0,0,0,0,0,0,0,0,0,0,0,0,0,0,0,0,0,0,0,0,0,0,0,0,0,0,0,0,0,0,0,0,0,0,0,0,0,0,0,0,0,0,0,0,0,0
Cirsium arvense (L.) Scop.,Magnoliopsida,Asterales,Asteraceae,Cirsium,arvense,0,Cirsium arvense (L.) Scop.,SPECIES,(L.) Scop.,Cirsium arvense (L.) Scop.,0,0,0,0,0,0,0,0,0,0,0,0,0,0,0,0,0,2,0,0,0,0,0,0,0,0,0,0,6,0,0,0,0,0,0,0,0,0,0,0,0,0,0,0,0,0,0,0,0,0,0,0,0,0,0,0,0,0,0,0,0,0,0,0,0,0,0,0
Euphorbia virgata Waldst. & Kit.,Magnoliopsida,Malpighiales,Euphorbiaceae,Euphorbia,virgata,0,Euphorbia virgata Waldst. & Kit.,SPECIES,Waldst. & Kit.,Euphorbia virgata Waldst. & Kit.,0,0,0,0,0,0,0,0,0,0,0,0,0,0,0,3,5,15,0,0,0,0,7,6,0,0,0,0,0,0,0,0,0,0,0,0,0,0,0,0,0,0,0,0,0,0,0,0,0,0,0,1,0,0,0,0,0,0,0,0,0,0,0,0,0,0,0,0
Lathyrus tuberosus L.,Magnoliopsida,Fabales,Fabaceae,Lathyrus,tuberosus,0,Lathyrus tuberosus L.,SPECIES,L.,Lathyrus tuberosus L.,0,0,0,0,0,0,0,0,0,0,0,0,0,0,0,2,0,0,20,0,0,1,5,11,0,0,0,0,0,0,0,0,7,0,0,0,0,5,0,0,0,0,0,0,0,0,0,0,0,0,0,0,0,5,0,0,0,0,0,7,0,0,0,0,0,0,0,0
Linaria genistifolia (L.) Mill.,Magnoliopsida,Lamiales,Plantaginaceae,Linaria,genistifolia,0,Linaria genistifolia (L.) Mill.,SPECIES,(L.) Mill.,Linaria genistifolia (L.) Mill.,0,0,0,0,0,0,0,0,0,0,0,0,0,0,0,1,0,0,0,0,0,0,0,0,0,0,0,0,0,0,0,0,0,0,0,0,0,0,0,0,0,0,0,0,0,0,0,0,0,0,0,0,4,1,0,0,0,0,0,0,0,0,0,0,0,0,0,0
Lotus stepposus Kramina,Magnoliopsida,Fabales,Fabaceae,Lotus,stepposus,0,Lotus stepposus Kramina,SPECIES,Kramina,Lotus stepposus Kramina,0,0,0,0,0,0,0,0,0,0,0,0,0,0,0,0,5,0,0,0,0,0,0,0,0,0,0,0,0,0,0,0,0,0,0,0,0,0,0,0,0,0,0,0,0,0,0,0,0,0,0,0,0,0,0,0,0,0,0,0,0,0,0,0,0,0,0,0
Medicago scutellata (L.) Mill.,Magnoliopsida,Fabales,Fabaceae,Medicago,scutellata,0,Medicago scutellata (L.) Mill.,SPECIES,(L.) Mill.,Medicago scutellata (L.) Mill.,0,0,0,0,0,0,0,0,0,0,0,0,0,0,0,7,0,0,0,16,0,0,0,0,0,0,0,0,0,0,0,0,0,0,0,0,0,0,0,0,0,0,0,0,0,0,0,0,0,0,0,0,0,0,0,0,0,0,0,0,0,0,0,0,0,0,0,0
Melampyrum argyrocomum Fisch.,Magnoliopsida,Lamiales,Orobanchaceae,Melampyrum,arvense,1,Melampyrum argyrocomum Fisch.,SPECIES,L.,Melampyrum arvense L.,0,0,0,0,0,0,0,0,0,0,0,0,0,0,0,0,5,0,0,0,0,0,0,0,0,0,0,0,0,0,0,0,0,0,0,0,0,0,0,0,0,0,0,0,0,0,0,0,0,0,0,0,0,0,0,0,0,0,0,0,0,0,0,0,0,0,0,0
Potentilla callieri (Th.Wolf) Juz.,Magnoliopsida,Rosales,Rosaceae,Potentilla,astracanica,1,Potentilla callieri (Th. Wolf) Juz.,SPECIES,Jacq.,Potentilla astracanica Jacq.,0,0,0,0,0,0,0,0,0,0,0,0,0,0,0,3,0,0,0,1,3,0,0,0,0,0,0,0,0,0,0,0,0,0,0,0,0,6,0,0,0,0,0,0,0,0,0,0,0,0,0,0,0,0,0,0,0,2,0,0,0,0,0,2,8,2,0,8
Potentilla neglecta Baumg.,Magnoliopsida,Rosales,Rosaceae,Potentilla,neglecta,0,Potentilla neglecta Baumg.,SPECIES,Baumg.,Potentilla neglecta Baumg.,0,0,0,0,0,0,0,0,0,0,0,0,0,0,0,1,0,1,0,10,4,0,0,0,0,0,0,0,0,0,0,4,0,0,0,0,0,0,0,0,0,1,0,0,0,0,0,0,6,0,0,6,15,17,4,0,10,5,0,0,0,0,0,7,0,4,0,0
Potentilla schurii Fuss ex Zimmeter,Magnoliopsida,Rosales,Rosaceae,Potentilla,patula,1,Potentilla schurii Fuss ex Zimmeter,SPECIES,Waldst. & Kit.,Potentilla patula Waldst. & Kit.,0,0,0,0,0,0,0,0,0,0,0,0,0,0,0,0,0,2,0,0,0,0,0,0,0,0,0,0,0,0,0,0,0,0,0,0,0,0,0,0,0,0,0,0,0,0,0,0,0,0,0,0,2,0,3,0,0,0,0,0,0,0,0,0,0,0,0,0
Salvia verticillata L.,Magnoliopsida,Lamiales,Lamiaceae,Salvia,verticillata,0,Salvia verticillata L.,SPECIES,L.,Salvia verticillata L.,0,0,0,0,0,0,0,0,0,0,0,0,0,0,0,6,8,17,0,0,0,0,0,0,0,0,0,0,0,0,0,0,0,0,0,0,0,0,0,0,0,0,0,0,0,0,0,5,0,0,0,0,0,0,0,0,0,0,2,0,0,0,0,0,0,0,0,0
Senecio erucifolius L.,Magnoliopsida,Asterales,Asteraceae,Jacobaea,erucifolia,1,Senecio erucifolius L.,SPECIES,"(L.) G.Gaertn., B.Mey. & Scherb.","Jacobaea erucifolia (L.) G.Gaertn., B.Mey. & Scherb.",0,0,0,0,0,0,0,0,0,0,0,0,0,0,0,0,9,11,6,3,1,0,1,5,0,0,0,0,0,0,0,0,0,1,0,2,0,0,0,0,0,0,1,0,0,0,0,0,0,0,0,0,0,0,0,0,0,0,0,0,0,0,0,0,0,0,0,0
Verbascum densiflorum Bertol.,Magnoliopsida,Lamiales,Scrophulariaceae,Verbascum,densiflorum,0,Verbascum densiflorum Bertol.,SPECIES,Bertol.,Verbascum densiflorum Bertol.,0,0,0,0,0,0,0,0,0,0,0,0,0,0,0,4,6,3,0,0,0,0,0,0,0,0,0,1,0,0,0,1,0,0,0,0,0,0,0,0,0,0,0,0,7,0,0,0,0,0,0,0,0,0,0,0,0,0,0,0,0,0,0,0,0,0,0,0
Verbascum laxum Fil. & Jáv.,Magnoliopsida,Lamiales,Scrophulariaceae,Verbascum,chaixii,1,Verbascum laxum Filar. & Jáv.,SPECIES,Vill.,Verbascum chaixii Vill.,0,0,0,0,0,0,0,0,0,0,0,0,0,0,0,10,12,15,2,0,0,0,0,0,0,0,0,0,0,0,0,0,0,0,0,0,0,0,0,0,0,0,0,0,0,0,0,0,0,0,0,0,0,0,0,0,0,0,0,0,0,0,0,0,0,0,0,0
Viola ambigua Waldst. & Kit.,Magnoliopsida,Malpighiales,Violaceae,Viola,ambigua,0,Viola ambigua Waldst. & Kit.,SPECIES,Waldst. & Kit.,Viola ambigua Waldst. & Kit.,0,0,0,0,0,0,0,0,0,0,0,0,0,0,0,0,0,4,0,0,0,0,0,0,0,0,0,0,0,0,3,0,0,0,0,0,0,0,0,0,0,0,0,0,7,0,0,0,0,0,0,0,0,0,0,0,0,0,0,0,0,0,0,0,0,0,0,0
Centaurea marschalliana Spreng.,Magnoliopsida,Asterales,Asteraceae,Psephellus,marschallianus,1,Centaurea marschalliana Spreng.,SPECIES,(Spreng.) K.Koch,Psephellus marschallianus (Spreng.) K.Koch,0,0,0,0,0,0,0,0,0,0,0,0,0,0,0,0,0,0,0,0,8,0,0,0,0,0,0,0,0,0,0,0,0,0,0,0,0,0,0,0,0,0,0,0,0,0,25,0,0,0,0,0,2,0,0,0,0,0,0,0,0,0,0,0,0,0,0,0
Linum tenuifolium L.,Magnoliopsida,Malpighiales,Linaceae,Linum,tenuifolium,0,Linum tenuifolium L.,SPECIES,L.,Linum tenuifolium L.,0,0,0,0,0,0,0,0,0,0,0,0,0,0,0,0,0,0,0,0,30,0,0,0,8,11,5,0,0,0,0,0,0,0,0,0,0,0,0,0,0,0,0,0,0,0,0,0,0,0,0,0,0,0,0,0,0,0,0,0,0,0,0,0,0,0,0,0
Pseudolysimachion viscosulum (Klokov) Tzvelev,Magnoliopsida,Lamiales,Plantaginaceae,Veronica,spicata,1,Pseudolysimachion viscosulum (Klokov) Tzvelev,SPECIES,L.,Veronica spicata L.,0,0,0,0,0,0,0,0,0,0,0,0,0,0,0,0,0,0,0,0,5,0,0,0,0,0,0,0,0,0,0,0,0,0,0,0,0,0,0,5,0,0,0,0,0,0,0,0,0,0,0,0,0,0,0,0,0,0,0,0,0,0,0,0,0,0,0,0
Trifolium alpestre L.,Magnoliopsida,Fabales,Fabaceae,Trifolium,alpestre,0,Trifolium alpestre L.,SPECIES,L.,Trifolium alpestre L.,0,0,0,0,0,0,0,0,0,0,0,0,0,0,0,0,0,0,0,4,0,0,0,0,0,0,0,0,0,0,0,0,0,0,0,0,0,0,0,0,0,0,0,0,0,0,0,0,0,0,0,0,0,0,0,0,0,0,0,0,0,0,0,0,0,0,0,0
Verbascum lychnitis L.,Magnoliopsida,Lamiales,Scrophulariaceae,Verbascum,lychnitis,0,Verbascum lychnitis L.,SPECIES,L.,Verbascum lychnitis L.,0,0,0,0,0,0,0,0,0,0,0,0,0,0,0,0,0,0,0,6,0,0,0,0,0,0,0,0,0,0,0,0,0,0,0,0,0,0,0,0,0,0,0,0,0,0,0,0,0,0,0,0,0,0,0,0,0,0,0,0,0,0,0,0,0,0,0,0
Veronica sclerophylla Dubovik,Magnoliopsida,Lamiales,Plantaginaceae,Veronica,austriaca,1,Veronica sclerophylla Dubovik,SPECIES,L.,Veronica austriaca L.,0,0,0,0,0,0,0,0,0,0,0,0,0,0,0,0,0,0,3,5,3,0,0,0,0,0,0,0,0,0,0,0,0,5,6,0,0,3,0,0,0,3,0,0,12,3,0,0,0,0,0,0,0,0,0,0,0,0,0,0,0,0,2,5,10,0,0,0
Artemisia absinthium L.,Magnoliopsida,Asterales,Asteraceae,Artemisia,absinthium,0,Artemisia absinthium L.,SPECIES,L.,Artemisia absinthium L.,0,0,0,0,0,0,0,0,0,0,0,0,0,0,0,0,0,0,0,0,0,0,16,10,0,0,0,0,0,0,0,0,0,0,0,0,0,0,0,0,0,0,0,0,0,0,0,4,15,0,0,0,0,7,0,0,0,0,4,3,0,0,0,0,0,0,0,0
Aster bessarabicus Bernh. ex Rchb.,Magnoliopsida,Asterales,Asteraceae,Aster,amellus,1,Aster bessarabicus Bernh. ex Rchb.,SPECIES,L.,Aster amellus L.,0,0,0,0,0,0,0,0,0,0,0,0,0,0,0,0,0,0,0,0,0,0,0,7,7,0,0,0,0,0,0,0,0,0,0,0,0,0,0,0,0,0,0,0,0,0,0,0,0,0,0,0,0,0,0,0,0,0,0,0,0,0,0,0,0,0,0,0
Cirsium polonicum (Petr.) Iljin,Magnoliopsida,Asterales,Asteraceae,Lophiolepis,decussata,1,Cirsium polonicum (Petrak) Iljin,SPECIES,"(Janka) Del Guacchio, Bures, Iamonico & P.Caputo","Lophiolepis decussata (Janka) Del Guacchio, Bures, Iamonico & P.Caputo",0,0,0,0,0,0,0,0,0,0,0,0,0,0,0,0,0,0,0,0,0,0,3,0,0,0,0,0,0,0,0,0,0,0,0,0,0,0,0,0,0,0,0,0,0,0,0,0,8,3,0,0,0,0,0,0,0,0,0,0,0,0,0,0,0,0,0,0
Conyza canadensis (L.) Cronquist,Magnoliopsida,Asterales,Asteraceae,Erigeron,canadensis,1,Conyza canadensis (L.) Cronq.,SPECIES,L.,Erigeron canadensis L.,0,0,0,0,0,0,0,0,0,0,0,0,0,0,0,0,0,0,0,0,0,0,65,17,0,0,0,0,0,0,0,0,0,0,0,0,0,0,0,0,0,0,0,0,0,6,0,0,0,0,0,0,0,0,0,0,0,0,0,0,0,0,0,0,0,0,0,0
Cynanchum acutum L.,Magnoliopsida,Gentianales,Apocynaceae,Cynanchum,acutum,0,Cynanchum acutum L.,SPECIES,L.,Cynanchum acutum L.,0,0,0,0,0,0,0,0,0,0,0,0,0,0,0,0,0,0,0,0,0,0,3,0,0,0,0,0,0,0,0,0,0,0,0,0,0,0,0,0,0,0,0,0,0,0,0,0,0,0,0,0,0,0,0,0,0,0,0,0,0,0,0,0,0,0,0,0
Lactuca serriola L.,Magnoliopsida,Asterales,Asteraceae,Lactuca,serriola,0,Lactuca serriola L.,SPECIES,L.,Lactuca serriola L.,0,0,0,0,0,0,0,0,0,0,0,0,0,0,0,0,0,0,0,0,0,0,11,10,0,0,0,0,0,0,0,0,0,0,0,0,0,0,0,0,0,0,0,0,0,2,0,7,0,6,0,0,0,0,0,0,0,0,0,0,0,0,0,0,0,0,0,0
Melandrium album (Mill.) Garcke,Magnoliopsida,Caryophyllales,Caryophyllaceae,Silene,latifolia,1,Melandrium album (Mill.) Garcke,SPECIES,Poir.,Silene latifolia Poir.,0,0,0,0,0,0,0,0,0,0,0,0,0,0,0,0,0,0,0,0,0,1,4,0,0,0,0,0,0,1,0,0,0,0,0,0,0,0,0,0,0,0,0,0,0,0,0,0,0,0,0,0,0,0,0,0,0,0,0,0,0,0,0,0,0,0,0,0
Origanum vulgare L.,Magnoliopsida,Lamiales,Lamiaceae,Origanum,vulgare,0,Origanum vulgare L.,SPECIES,L.,Origanum vulgare L.,0,0,0,0,0,0,0,0,0,0,0,0,0,0,0,0,0,0,0,0,0,0,7,0,0,0,0,0,0,0,0,0,0,0,0,0,0,0,0,0,0,0,0,0,0,0,0,0,0,0,0,0,0,0,0,0,0,0,0,0,0,0,0,0,0,0,0,0
Otites chersonensis (Zapal.) Klokov,Magnoliopsida,Caryophyllales,Caryophyllaceae,Silene,chersonensis,1,Otites chersonensis (Zapał.) Klokov,SPECIES,(Zapal.) Kleopow,Silene chersonensis (Zapal.) Kleopow,0,0,0,0,0,0,0,0,0,0,0,0,0,0,0,0,0,0,0,0,0,0,0,3,0,0,0,0,0,0,0,0,0,0,0,0,0,0,0,0,0,0,0,0,0,0,0,0,0,0,0,0,0,0,0,0,3,0,0,0,0,0,0,0,0,0,0,0
Picris hieracioides L.,Magnoliopsida,Asterales,Asteraceae,Picris,hieracioides,0,Picris hieracioides L.,SPECIES,L.,Picris hieracioides L.,0,0,0,0,0,0,0,0,0,0,0,0,0,0,0,0,0,0,0,0,0,0,3,5,0,0,0,0,0,0,0,0,0,0,0,0,0,0,0,0,0,0,0,0,0,0,0,0,0,0,0,0,0,0,0,0,0,0,0,0,0,0,0,0,0,0,0,0
Potentilla obscura Willd.,Magnoliopsida,Rosales,Rosaceae,Potentilla,recta,1,Potentilla obscura Willd.,SPECIES,L.,Potentilla recta L.,0,0,0,0,0,0,0,0,0,0,0,0,0,0,0,0,0,0,0,0,0,0,2,12,0,0,0,0,0,0,0,0,0,0,0,0,0,0,0,1,0,2,0,0,0,0,0,0,0,0,0,0,0,0,0,0,0,0,0,0,0,0,0,0,0,0,0,0
Raphanus raphanistrum L.,Magnoliopsida,Brassicales,Brassicaceae,Raphanus,raphanistrum,0,Raphanus raphanistrum L.,SPECIES,L.,Raphanus raphanistrum L.,0,0,0,0,0,0,0,0,0,0,0,0,0,0,0,0,0,0,0,0,0,0,4,0,0,0,0,0,0,0,0,0,0,0,0,0,0,0,0,0,0,0,0,0,0,0,0,0,0,0,0,0,0,0,0,0,0,0,0,0,0,0,0,0,0,0,0,0
Senecio jacobaea L.,Magnoliopsida,Asterales,Asteraceae,Jacobaea,vulgaris,1,Senecio jacobaea L.,SPECIES,Gaertn.,Jacobaea vulgaris Gaertn.,0,0,0,0,0,0,0,0,0,0,0,0,0,0,0,0,0,0,0,0,0,0,4,0,0,0,0,0,0,0,0,0,0,0,0,0,0,0,0,0,0,0,0,0,0,0,0,0,0,0,0,0,0,0,0,0,0,0,0,0,0,0,0,0,0,0,0,0
Amygdalus nana L.,Magnoliopsida,Rosales,Rosaceae,Prunus,tenella,1,Amygdalus nana L.,SPECIES,Batsch,Prunus tenella Batsch,0,0,0,0,0,0,0,0,0,0,0,0,0,0,0,0,0,0,0,0,0,0,0,0,10,0,0,0,0,0,0,0,0,0,0,0,0,0,10,0,0,0,0,0,0,0,0,0,0,0,0,0,0,0,0,0,0,0,0,0,0,0,0,0,0,0,9,10
Artemisia pontica L.,Magnoliopsida,Asterales,Asteraceae,Artemisia,pontica,0,Artemisia pontica L.,SPECIES,L.,Artemisia pontica L.,0,0,0,0,0,0,0,0,0,0,0,0,0,0,0,0,0,0,0,0,0,0,0,0,2,16,6,0,0,0,0,0,0,0,0,0,0,0,0,0,0,0,0,0,0,0,0,0,0,0,0,0,0,0,0,0,0,0,0,0,0,0,0,0,0,0,0,0
Artemisia salsoloides Willd.,Magnoliopsida,Asterales,Asteraceae,Artemisia,salsoloides,0,Artemisi salsoloides Willd.,SPECIES,Willd.,Artemisia salsoloides Willd.,0,0,0,0,0,0,0,0,0,0,0,0,0,0,0,0,0,0,0,0,0,0,0,0,8,4,5,0,0,0,0,0,0,0,0,0,0,0,0,0,0,0,0,0,0,0,0,0,0,0,0,0,0,0,0,0,0,0,0,0,0,0,0,0,0,0,0,0
Astragalus albicaulis DC.,Magnoliopsida,Fabales,Fabaceae,Astragalus,albicaulis,0,Astragalus albicaulis DC.,SPECIES,DC.,Astragalus albicaulis DC.,0,0,0,0,0,0,0,0,0,0,0,0,0,0,0,0,0,0,0,0,0,0,0,0,7,0,0,0,0,0,0,0,0,0,0,0,0,0,0,0,0,0,0,0,0,0,0,0,0,0,0,0,0,0,0,0,0,0,0,0,0,0,0,0,0,0,0,0
Centaurea carbonata Klokov,Magnoliopsida,Asterales,Asteraceae,Psephellus,carbonatus,1,Centaurea carbonata Klokov,SPECIES,(Klokov) Greuter,Psephellus carbonatus (Klokov) Greuter,0,0,0,0,0,0,0,0,0,0,0,0,0,0,0,0,0,0,0,0,0,0,0,0,0,7,15,0,0,0,0,0,0,0,0,0,0,0,0,0,0,0,0,0,0,0,0,0,0,0,0,0,0,0,0,0,0,0,0,0,0,0,0,0,0,0,0,0
Clematis lathyrifolia Besser ex Rchb.,Magnoliopsida,Ranunculales,Ranunculaceae,Clematis,lathyrifolia,0,Clematis lathyrifolia Besser ex Rchb.,SPECIES,Besser ex Rchb.,Clematis lathyrifolia Besser ex Rchb.,0,0,0,0,0,0,0,0,0,0,0,0,0,0,0,0,0,0,0,0,0,0,0,0,4,0,0,0,0,0,0,0,0,0,0,0,0,0,0,0,0,0,0,0,0,0,0,0,0,0,0,0,0,0,0,0,0,0,0,0,0,0,0,0,0,0,0,0
Convolvulus lineatus L.,Magnoliopsida,Solanales,Convolvulaceae,Convolvulus,lineatus,0,Convolvulus lineatus L.,SPECIES,L.,Convolvulus lineatus L.,0,0,0,0,0,0,0,0,0,0,0,0,0,0,0,0,0,0,0,0,0,0,0,0,0,6,10,0,0,0,0,0,0,8,5,0,0,0,0,0,0,0,0,0,0,0,0,0,0,0,0,0,0,0,0,0,0,0,0,0,0,0,0,0,0,0,0,0
Elytrigia cretacea Klokov & Prokudin,Liliopsida,Poales,Poaceae,Pseudoroegneria,stipifolia,1,Elytrigia cretacea (Klokov & Prokudin) Klokov & Prokudin,SPECIES,(Trautv.) Á.Löve,Pseudoroegneria stipifolia (Trautv.) Á.Löve,0,0,0,0,0,0,0,0,0,0,0,0,0,0,0,0,0,0,0,0,0,0,0,0,35,5,8,0,0,0,0,0,0,0,0,0,0,0,0,0,0,0,0,0,0,0,0,0,0,0,0,0,0,0,0,0,0,0,0,0,0,0,0,0,0,0,0,0
Euphorbia cretophila Klokov,Magnoliopsida,Malpighiales,Euphorbiaceae,Euphorbia,petrophila,1,Euphorbia cretophila Klokov,SPECIES,C.A.Mey.,Euphorbia petrophila C.A.Mey.,0,0,0,0,0,0,0,0,0,0,0,0,0,0,0,0,0,0,0,0,0,0,0,0,10,0,9,0,0,0,0,0,0,0,0,0,0,0,0,0,0,0,0,0,0,0,0,0,0,0,0,0,0,0,0,0,0,0,0,0,0,0,0,0,0,0,0,0
Fragaria campestris Steven,Magnoliopsida,Rosales,Rosaceae,Fragaria,viridis,1,Fragaria campestris Steven,SPECIES,Duchesne,Fragaria viridis Duchesne,0,0,0,0,0,0,0,0,0,0,0,0,0,0,0,0,0,0,0,0,0,0,0,0,10,0,0,0,0,0,0,0,0,0,0,0,0,0,0,0,0,0,0,0,0,0,0,0,0,0,0,0,0,0,0,0,0,0,0,0,0,0,15,5,0,0,0,0
Galium tomentellum Klokov,Magnoliopsida,Gentianales,Rubiaceae,Galium,verum,1,Galium tomentellum Klokov,SPECIES,L.,Galium verum L.,0,0,0,0,0,0,0,0,0,0,0,0,0,0,0,0,0,0,0,0,0,0,0,0,5,0,0,0,0,0,0,0,0,0,0,0,0,0,0,0,0,0,0,0,0,0,0,0,0,0,0,0,0,0,0,0,0,0,0,0,0,0,0,0,0,0,0,0
Galium xeroticum Soó,Magnoliopsida,Gentianales,Rubiaceae,Galium,xeroticum,0,Galium xeroticum (Klokov) Soó,SPECIES,(Klokov) Pobed.,Galium xeroticum (Klokov) Pobed.,0,0,0,0,0,0,0,0,0,0,0,0,0,0,0,0,0,0,0,0,0,0,0,0,11,0,0,0,0,0,0,0,0,0,0,0,0,0,0,0,0,0,0,0,0,0,0,0,0,0,0,0,0,0,0,0,0,0,0,0,0,0,0,0,0,0,0,0
Onosma tanaitica Klokov,Magnoliopsida,Boraginales,Boraginaceae,Onosma,simplicissima,1,Onosma tanaitica Klokov,SPECIES,L.,Onosma simplicissima L.,0,0,0,0,0,0,0,0,0,0,0,0,0,0,0,0,0,0,0,0,0,0,0,0,9,30,15,0,0,0,0,0,0,0,0,0,0,0,0,0,0,0,0,0,0,0,0,0,0,0,0,0,0,0,0,0,0,0,0,0,0,0,0,0,0,0,0,0
Thymus cretaceus Klokov & Des.-Shost.,Magnoliopsida,Lamiales,Lamiaceae,Thymus,calcareus,1,Thymus cretaceus Klokov & Des.-Shost.,SPECIES,Klokov & Des.-Shost.,Thymus calcareus Klokov & Des.-Shost.,0,0,0,0,0,0,0,0,0,0,0,0,0,0,0,0,0,0,0,0,0,0,0,0,0,17,40,0,0,0,0,0,0,0,0,0,0,0,0,0,0,0,0,0,0,0,0,0,0,0,0,0,0,0,0,0,0,0,0,0,0,0,0,0,0,0,0,0
Vincetoxicum cretaceum (Pobed.) Wissjul.,Magnoliopsida,Gentianales,Apocynaceae,Vincetoxicum,hirundinaria,1,Vincetoxicum cretaceum (Pobed.) Wissjul.,SPECIES,Medik.,Vincetoxicum hirundinaria Medik.,0,0,0,0,0,0,0,0,0,0,0,0,0,0,0,0,0,0,0,0,0,0,0,0,0,12,0,0,0,0,0,0,0,0,0,0,0,0,0,0,0,0,0,0,0,0,0,0,0,0,0,0,0,0,0,0,0,0,0,0,0,0,0,0,0,0,0,0
Ambrosia artemisiifolia L.,Magnoliopsida,Asterales,Asteraceae,Ambrosia,artemisiifolia,0,Ambrosia artemisiifolia L.,SPECIES,L.,Ambrosia artemisiifolia L.,0,0,0,0,0,0,0,0,0,0,0,0,0,0,0,0,0,0,0,0,0,0,0,0,0,0,0,0,7,0,0,0,0,0,0,0,0,0,0,0,0,0,0,0,0,0,0,0,0,0,0,0,0,0,0,0,0,0,0,0,15,7,0,0,0,0,0,0
Carduus acanthoides L.,Magnoliopsida,Asterales,Asteraceae,Carduus,acanthoides,0,Carduus acanthoides L.,SPECIES,L.,Carduus acanthoides L.,0,0,0,0,0,0,0,0,0,0,0,0,0,0,0,0,0,0,0,0,0,0,0,0,0,0,0,4,4,0,0,0,0,0,0,0,0,0,0,0,0,0,0,0,0,0,0,7,5,2,10,0,0,0,0,5,0,0,4,4,10,0,0,0,0,0,0,0
Centaurea jacea L.,Magnoliopsida,Asterales,Asteraceae,Centaurea,jacea,0,Centaurea jacea L.,SPECIES,L.,Centaurea jacea L.,0,0,0,0,0,0,0,0,0,0,0,0,0,0,0,0,0,0,0,0,0,0,0,0,0,0,0,7,4,0,0,0,0,0,0,0,0,0,0,0,0,0,0,0,0,0,0,0,0,0,0,0,0,0,0,0,0,0,0,0,0,0,0,0,0,0,0,0
Cichorium intybus L.,Magnoliopsida,Asterales,Asteraceae,Cichorium,intybus,0,Cichorium intybus L.,SPECIES,L.,Cichorium intybus L.,0,0,0,0,0,0,0,0,0,0,0,0,0,0,0,0,0,0,0,0,0,0,0,0,0,0,0,0,0,3,0,0,0,0,0,3,0,0,0,0,4,8,0,11,0,0,0,0,11,0,0,0,1,0,0,0,0,0,7,0,0,0,0,0,0,0,0,0
Hieracium auratum Fr.,Magnoliopsida,Asterales,Asteraceae,Hieracium,sabaudum,1,Hieracium auratum Fr.,SPECIES,L.,Hieracium sabaudum L.,0,0,0,0,0,0,0,0,0,0,0,0,0,0,0,0,0,0,0,0,0,0,0,0,0,0,0,0,6,0,0,0,0,0,0,0,0,0,0,0,0,0,0,0,0,0,0,0,0,0,0,0,0,0,0,0,0,0,0,0,0,0,0,0,0,0,0,0
Limonium membranaceum (Czern. ex Trautv.) Klokov,Magnoliopsida,Caryophyllales,Plumbaginaceae,Limonium,bungei,1,Limonium membranaceum (Czern.) Klokov,SPECIES,(Claus) Gamajun.,Limonium bungei (Claus) Gamajun.,0,0,0,0,0,0,0,0,0,0,0,0,0,0,0,0,0,0,0,0,0,0,0,0,0,0,0,15,0,0,0,0,0,0,0,0,0,0,8,0,0,30,0,0,0,0,0,0,9,0,40,0,0,0,0,0,0,0,0,0,0,0,0,0,0,0,0,0
Linaria vulgaris Mill.,Magnoliopsida,Lamiales,Plantaginaceae,Linaria,vulgaris,0,Linaria vulgaris Mill.,SPECIES,Mill.,Linaria vulgaris Mill.,0,0,0,0,0,0,0,0,0,0,0,0,0,0,0,0,0,0,0,0,0,0,0,0,0,0,0,4,0,0,0,0,0,0,0,2,5,0,0,0,0,0,0,0,5,0,0,0,0,0,0,4,12,6,0,0,0,0,10,3,5,20,0,0,0,0,0,0
Medicago procumbens Besser,Magnoliopsida,Fabales,Fabaceae,Medicago,falcata,1,Medicago procumbens Besser,SPECIES,L.,Medicago falcata L.,0,0,0,0,0,0,0,0,0,0,0,0,0,0,0,0,0,0,0,0,0,0,0,0,0,0,0,4,6,3,5,3,0,0,0,0,0,0,0,0,0,0,0,0,0,0,0,0,0,0,0,0,0,0,0,0,0,0,0,0,0,0,0,0,0,0,0,0
Senecio macrophyllus M.Bieb.,Magnoliopsida,Asterales,Asteraceae,Senecio,macrophyllus,0,Senecio macrophyllus M. Bieb.,SPECIES,M.Bieb.,Senecio macrophyllus M.Bieb.,0,0,0,0,0,0,0,0,0,0,0,0,0,0,0,0,0,0,0,0,0,0,0,0,0,0,0,0,2,0,0,0,0,0,0,0,0,0,0,0,0,0,0,0,0,0,0,0,0,0,0,0,0,0,0,0,0,0,0,0,0,0,0,0,0,0,0,0
Silene dichotoma Ehrh.,Magnoliopsida,Caryophyllales,Caryophyllaceae,Silene,dichotoma,0,Silene dichotoma Ehrh.,SPECIES,Ehrh.,Silene dichotoma Ehrh.,0,0,0,0,0,0,0,0,0,0,0,0,0,0,0,0,0,0,0,0,0,0,0,0,0,0,0,5,0,0,0,0,0,0,0,0,0,0,0,0,0,0,0,0,0,0,0,0,0,0,0,0,0,0,0,0,0,0,0,0,0,0,0,0,0,0,0,0
Taraxacum officinale Weber ex F.H.Wigg.,Magnoliopsida,Asterales,Asteraceae,Taraxacum,officinale,0,Taraxacum officinale Wigg.,SPECIES,Weber ex F.H.Wigg.,Taraxacum officinale Weber ex F.H.Wigg.,0,0,0,0,0,0,0,0,0,0,0,0,0,0,0,0,0,0,0,0,0,0,0,0,0,0,0,0,2,0,0,0,0,0,0,0,0,0,0,0,0,0,0,7,0,0,0,0,0,0,0,0,0,0,0,0,0,0,0,0,0,0,0,0,0,0,0,0
Carex praecox Schreb.,Liliopsida,Poales,Cyperaceae,Carex,praecox,0,Carex praecox Schreb.,SPECIES,Schreb.,Carex praecox Schreb.,0,0,0,0,0,0,0,0,0,0,0,0,0,0,0,0,0,0,0,0,0,0,0,0,0,0,0,0,0,0,0,1,0,0,0,0,0,0,0,0,0,0,0,0,0,0,0,0,0,0,0,0,0,0,0,0,0,0,0,0,0,0,0,0,0,0,0,0
Linum austriacum L.,Magnoliopsida,Malpighiales,Linaceae,Linum,austriacum,0,Linum austriacum L.,SPECIES,L.,Linum austriacum L.,0,0,0,0,0,0,0,0,0,0,0,0,0,0,0,0,0,0,0,0,0,0,0,0,0,0,0,0,0,0,0,15,0,0,8,8,5,8,0,0,0,2,0,0,0,0,0,0,0,0,0,0,0,0,0,0,1,0,0,0,0,0,0,0,0,0,0,5
Peucedanum ruthenicum M.Bieb.,Magnoliopsida,Apiales,Apiaceae,Peucedanum,ruthenicum,0,Peucedanum ruthenicum M. Bieb.,SPECIES,M.Bieb.,Peucedanum ruthenicum M.Bieb.,0,0,0,0,0,0,0,0,0,0,0,0,0,0,0,0,0,0,0,0,0,0,0,0,0,0,0,0,0,0,6,6,0,0,0,0,0,0,0,18,9,30,3,0,0,0,0,0,0,0,0,0,0,0,0,4,0,0,0,0,0,0,0,0,0,0,0,0
Scabiosa ochroleuca L.,Magnoliopsida,Dipsacales,Caprifoliaceae,Scabiosa,ochroleuca,0,Scabiosa ochroleuca L.,SPECIES,L.,Scabiosa ochroleuca L.,0,0,0,0,0,0,0,0,0,0,0,0,0,0,0,0,0,0,0,0,0,0,0,0,0,0,0,0,0,0,5,0,0,0,0,0,0,0,0,0,0,0,0,0,0,0,25,0,0,0,0,0,8,0,2,0,0,0,0,0,0,0,0,0,0,0,4,7
Vicia pilosa M.Bieb.,Magnoliopsida,Fabales,Fabaceae,Vicia,sativa,1,Vicia pilosa M. Bieb.,SPECIES,L.,Vicia sativa L.,0,0,0,0,0,0,0,0,0,0,0,0,0,0,0,0,0,0,0,0,0,0,0,0,0,0,0,0,0,0,6,0,0,0,0,0,0,0,0,0,0,0,0,0,0,0,0,0,0,0,0,0,0,0,0,0,0,0,0,0,0,0,0,0,0,0,0,0
Asperula graniticola Klokov,Magnoliopsida,Gentianales,Rubiaceae,Cynanchica,rumelica,1,Asperula graniticola Klokov,SPECIES,(Boiss.) P.Caputo & Del Guacchio,Cynanchica rumelica (Boiss.) P.Caputo & Del Guacchio,0,0,0,0,0,0,0,0,0,0,0,0,0,0,0,0,0,0,0,0,0,0,0,0,0,0,0,0,0,0,0,0,0,0,3,0,0,0,0,0,0,0,0,0,0,0,0,0,0,0,0,0,0,0,0,0,0,0,0,0,0,0,0,0,0,0,0,0
Asperula stevenii V.I.Krecz.,Magnoliopsida,Gentianales,Rubiaceae,Cynanchica,tenella,1,Asperula stevenii V. Krecz.,SPECIES,(Heuff. ex Degen) P.Caputo & Del Guacchio,Cynanchica tenella (Heuff. ex Degen) P.Caputo & Del Guacchio,0,0,0,0,0,0,0,0,0,0,0,0,0,0,0,0,0,0,0,0,0,0,0,0,0,0,0,0,0,0,0,0,0,0,5,0,0,6,0,0,0,0,0,0,0,0,0,0,0,0,0,10,0,0,0,0,0,0,0,0,0,0,0,0,0,0,0,0
Astragalus austriacus Jacq.,Magnoliopsida,Fabales,Fabaceae,Astragalus,austriacus,0,Astragalus austriacus Jacq.,SPECIES,Jacq.,Astragalus austriacus Jacq.,0,0,0,0,0,0,0,0,0,0,0,0,0,0,0,0,0,0,0,0,0,0,0,0,0,0,0,0,0,0,0,0,8,10,0,0,0,0,0,0,15,0,0,0,12,0,0,0,0,0,0,12,0,0,0,0,0,0,0,0,0,0,0,6,0,0,3,0
Bothriochloa ischaemum (L.) Keng,Liliopsida,Poales,Poaceae,Bothriochloa,ischaemum,0,Bothriochloa ischaemum (L.) Keng,SPECIES,(L.) Keng,Bothriochloa ischaemum (L.) Keng,0,0,0,0,0,0,0,0,0,0,0,0,0,0,0,0,0,0,0,0,0,0,0,0,0,0,0,0,0,0,0,0,0,0,3,0,0,3,0,0,0,0,0,0,0,0,40,0,0,0,0,0,0,0,0,0,0,0,0,0,0,0,0,0,0,0,0,0
Cleistogenes bulgarica (Bornm.) Keng,Liliopsida,Poales,Poaceae,Cleistogenes,serotina,1,Cleistogenes bulgarica (Bornm.) Keng,SPECIES,(L.) Keng,Cleistogenes serotina (L.) Keng,0,0,0,0,0,0,0,0,0,0,0,0,0,0,0,0,0,0,0,0,0,0,0,0,0,0,0,0,0,0,0,0,0,7,12,0,0,0,0,0,0,0,0,0,0,0,10,0,0,0,0,0,0,0,0,0,0,0,0,0,0,0,0,0,0,0,0,0
Linaria maeotica Klokov,Magnoliopsida,Lamiales,Plantaginaceae,Linaria,biebersteinii,1,Linaria maeotica Klokov,SPECIES,Besser,Linaria biebersteinii Besser,0,0,0,0,0,0,0,0,0,0,0,0,0,0,0,0,0,0,0,0,0,0,0,0,0,0,0,0,0,0,0,0,0,1,8,0,0,0,0,0,0,0,0,0,0,0,0,0,0,0,0,0,0,0,0,0,0,0,0,0,0,0,0,0,2,0,0,1
Nigella arvensis L.,Magnoliopsida,Ranunculales,Ranunculaceae,Nigella,arvensis,0,Nigella arvensis L.,SPECIES,L.,Nigella arvensis L.,0,0,0,0,0,0,0,0,0,0,0,0,0,0,0,0,0,0,0,0,0,0,0,0,0,0,0,0,0,0,0,0,0,3,3,0,0,0,0,0,0,0,0,0,10,0,0,0,0,0,0,0,0,0,0,0,0,0,0,0,0,0,0,0,0,0,0,0
Silene multiflora (Ehrh.) Pers.,Magnoliopsida,Caryophyllales,Caryophyllaceae,Silene,multiflora,0,Silene multiflora (Waldst. & Kit.) Pers.,SPECIES,(Ehrh.) Pers.,Silene multiflora (Ehrh.) Pers.,0,0,0,0,0,0,0,0,0,0,0,0,0,0,0,0,0,0,0,0,0,0,0,0,0,0,0,0,0,0,0,0,0,3,6,0,0,0,0,0,0,0,0,0,0,0,0,0,0,0,0,0,0,0,0,0,0,0,0,0,0,0,0,0,0,0,0,0
Syrenia cana (Piller & Mitterp.) Neilr.,Magnoliopsida,Brassicales,Brassicaceae,Erysimum,canum,1,Syrenia cana (Piller & Mitterp.) Neilr.,SPECIES,(Piller & Mitterp.) Polatschek,Erysimum canum (Piller & Mitterp.) Polatschek,0,0,0,0,0,0,0,0,0,0,0,0,0,0,0,0,0,0,0,0,0,0,0,0,0,0,0,0,0,0,0,0,1,0,0,0,0,0,0,0,1,0,0,0,0,0,0,0,0,0,0,0,0,0,0,0,0,0,0,0,0,0,0,0,0,0,0,0
Verbascum marschallianum Ivanina & Tzvelev,Magnoliopsida,Lamiales,Scrophulariaceae,Verbascum,chaixii,1,Verbascum marschallianum Ivanina & Tzvelev,SPECIES,Vill.,Verbascum chaixii Vill.,0,0,0,0,0,0,0,0,0,0,0,0,0,0,0,0,0,0,0,0,0,0,0,0,0,0,0,0,0,0,0,0,0,1,0,0,0,0,3,0,0,0,0,0,0,3,0,0,0,0,0,0,0,0,0,0,0,0,0,0,0,0,0,0,0,0,0,0
Xeranthemum annuum L.,Magnoliopsida,Asterales,Asteraceae,Xeranthemum,annuum,0,Xeranthemum annuum L.,SPECIES,L.,Xeranthemum annuum L.,0,0,0,0,0,0,0,0,0,0,0,0,0,0,0,0,0,0,0,0,0,0,0,0,0,0,0,0,0,0,0,0,0,2,0,3,0,0,0,0,0,0,1,0,0,0,0,0,0,0,0,0,3,0,0,0,0,0,20,0,0,0,0,0,0,0,0,0
Dianthus pseudoversicolor Klokov,Magnoliopsida,Caryophyllales,Caryophyllaceae,Dianthus,campestris,1,Dianthus pseudoversicolor Klokov,SPECIES,M.Bieb.,Dianthus campestris M.Bieb.,0,0,0,0,0,0,0,0,0,0,0,0,0,0,0,0,0,0,0,0,0,0,0,0,0,0,0,0,0,0,0,0,0,0,0,9,0,7,0,0,0,0,0,0,0,0,0,0,0,0,0,0,0,0,0,0,0,0,0,0,0,0,0,0,0,0,0,0
Echium vulgare L.,Magnoliopsida,Boraginales,Boraginaceae,Echium,vulgare,0,Echium vulgare L.,SPECIES,L.,Echium vulgare L.,0,0,0,0,0,0,0,0,0,0,0,0,0,0,0,0,0,0,0,0,0,0,0,0,0,0,0,0,0,0,0,0,0,0,0,1,0,0,0,0,0,0,0,0,0,0,0,4,0,0,0,0,0,0,0,0,0,0,3,0,0,0,0,0,0,0,0,0
Fragaria viridis Duchesne,Magnoliopsida,Rosales,Rosaceae,Fragaria,viridis,0,Fragaria viridis Duchesne,SPECIES,Duchesne,Fragaria viridis Duchesne,0,0,0,0,0,0,0,0,0,0,0,0,0,0,0,0,0,0,0,0,0,0,0,0,0,0,0,0,0,0,0,0,0,0,0,0,0,0,2,0,0,0,0,0,0,0,0,0,0,0,0,25,0,0,0,0,0,0,0,0,0,0,0,0,0,0,0,0
Inula britannica L.,Magnoliopsida,Asterales,Asteraceae,Pentanema,britannicum,1,Inula britannica L.,SPECIES,"(L.) D.Gut.Larr., Santos-Vicente, Anderb., E.Rico & M.M.Mart.Ort.","Pentanema britannicum (L.) D.Gut.Larr., Santos-Vicente, Anderb., E.Rico & M.M.Mart.Ort.",0,0,0,0,0,0,0,0,0,0,0,0,0,0,0,0,0,0,0,0,0,0,0,0,0,0,0,0,0,0,0,0,0,0,0,0,0,0,7,0,0,0,0,0,0,0,0,0,0,0,0,0,0,0,0,0,0,0,10,0,0,0,0,0,0,0,0,0
Pilosella echioides (Lumn.) F.W.Schultz & Sch.Bip.,Magnoliopsida,Asterales,Asteraceae,Pilosella,echioides,0,Pilosella echioides (Lumn.) F. Schult. & Sch. Bip.,SPECIES,(Lumn.) F.W.Schultz & Sch.Bip.,Pilosella echioides (Lumn.) F.W.Schultz & Sch.Bip.,0,0,0,0,0,0,0,0,0,0,0,0,0,0,0,0,0,0,0,0,0,0,0,0,0,0,0,0,0,0,0,0,0,0,0,0,0,0,0,1,0,0,0,0,0,0,0,0,0,0,0,0,2,13,0,4,0,0,6,11,0,0,0,0,3,0,5,0
Aegilops cylindrica Host,Liliopsida,Poales,Poaceae,Aegilops,cylindrica,0,Aegilops cylindrica Host,SPECIES,Host,Aegilops cylindrica Host,0,0,0,0,0,0,0,0,0,0,0,0,0,0,0,0,0,0,0,0,0,0,0,0,0,0,0,0,0,0,0,0,0,0,0,0,0,0,0,0,0,20,0,0,0,0,0,0,0,0,0,0,0,0,0,0,0,0,0,0,0,0,0,0,0,0,0,0
Allium flavescens Besser,Liliopsida,Asparagales,Amaryllidaceae,Allium,flavescens,0,Allium flavescens Besser,SPECIES,Besser,Allium flavescens Besser,0,0,0,0,0,0,0,0,0,0,0,0,0,0,0,0,0,0,0,0,0,0,0,0,0,0,0,0,0,0,0,0,0,0,0,0,0,0,0,0,0,0,1,0,0,0,0,0,0,0,0,0,0,0,0,0,0,0,0,0,0,0,0,0,0,0,0,0
Althaea officinalis L.,Magnoliopsida,Malvales,Malvaceae,Althaea,officinalis,0,Althaea officinalis L.,SPECIES,L.,Althaea officinalis L.,0,0,0,0,0,0,0,0,0,0,0,0,0,0,0,0,0,0,0,0,0,0,0,0,0,0,0,0,0,0,0,0,0,0,0,0,0,0,0,0,0,2,0,0,0,0,0,0,0,0,0,0,0,0,0,0,0,0,0,0,0,0,0,0,0,0,0,0
Artemisia santonicum L.,Magnoliopsida,Asterales,Asteraceae,Artemisia,santonicum,0,Artemisia santonica L.,SPECIES,L.,Artemisia santonicum L.,0,0,0,0,0,0,0,0,0,0,0,0,0,0,0,0,0,0,0,0,0,0,0,0,0,0,0,0,0,0,0,0,0,0,0,0,0,0,0,0,0,9,0,0,0,0,0,0,0,0,0,3,5,0,0,3,0,0,0,0,0,0,0,0,0,0,0,0
Atriplex tatarica L.,Magnoliopsida,Caryophyllales,Amaranthaceae,Atriplex,tatarica,0,Atriplex tatarica L.,SPECIES,L.,Atriplex tatarica L.,0,0,0,0,0,0,0,0,0,0,0,0,0,0,0,0,0,0,0,0,0,0,0,0,0,0,0,0,0,0,0,0,0,0,0,0,0,0,0,0,0,4,0,0,0,0,0,0,0,0,0,0,0,0,0,0,0,0,0,0,0,0,0,0,0,0,0,0
Bromus arvensis L.,Liliopsida,Poales,Poaceae,Bromus,arvensis,0,Bromus arvensis L.,SPECIES,L.,Bromus arvensis L.,0,0,0,0,0,0,0,0,0,0,0,0,0,0,0,0,0,0,0,0,0,0,0,0,0,0,0,0,0,0,0,0,0,0,0,0,0,0,0,0,0,25,0,0,0,0,0,0,0,0,0,0,0,0,0,0,0,0,0,0,0,0,0,0,0,0,0,0
Campanula farinosa (Rochel) Andrz.,Magnoliopsida,Asterales,Campanulaceae,Campanula,glomerata,1,Campanula farinosa Andrz.,SPECIES,L.,Campanula glomerata L.,0,0,0,0,0,0,0,0,0,0,0,0,0,0,0,0,0,0,0,0,0,0,0,0,0,0,0,0,0,0,0,0,0,0,0,0,0,0,0,0,0,9,0,0,0,0,0,0,0,0,0,0,0,0,0,0,0,0,0,0,0,0,0,0,0,0,0,0
Carex riparia Curtis,Liliopsida,Poales,Cyperaceae,Carex,riparia,0,Carex riparia Curtis,SPECIES,Curtis,Carex riparia Curtis,0,0,0,0,0,0,0,0,0,0,0,0,0,0,0,0,0,0,0,0,0,0,0,0,0,0,0,0,0,0,0,0,0,0,0,0,0,0,0,0,0,0,0,7,0,0,0,0,0,0,0,0,0,0,0,0,0,0,0,0,0,0,0,0,0,0,0,0
Consolida paniculata (Host) Schur,Magnoliopsida,Ranunculales,Ranunculaceae,Delphinium,consolida,1,Consolida paniculata (Host) Schur,SPECIES,L.,Delphinium consolida L.,0,0,0,0,0,0,0,0,0,0,0,0,0,0,0,0,0,0,0,0,0,0,0,0,0,0,0,0,0,0,0,0,0,0,0,0,0,0,0,0,0,3,0,0,0,0,0,0,0,7,10,0,3,0,0,0,0,0,0,0,0,0,0,0,0,0,0,0
Galium album Mill.,Magnoliopsida,Gentianales,Rubiaceae,Galium,album,0,Galium album Mill.,SPECIES,Mill.,Galium album Mill.,0,0,0,0,0,0,0,0,0,0,0,0,0,0,0,0,0,0,0,0,0,0,0,0,0,0,0,0,0,0,0,0,0,0,0,0,0,0,0,0,0,0,0,10,0,0,0,0,0,0,0,0,0,0,0,0,0,0,0,0,0,0,0,0,0,0,0,0
Geranium collinum Stephan,Magnoliopsida,Geraniales,Geraniaceae,Geranium,collinum,1,Geranium collinum Stephan,SPECIES,Stephan ex Willd.,Geranium collinum Stephan ex Willd.,0,0,0,0,0,0,0,0,0,0,0,0,0,0,0,0,0,0,0,0,0,0,0,0,0,0,0,0,0,0,0,0,0,0,0,0,0,0,0,0,0,0,0,70,0,0,0,0,0,0,0,0,0,0,0,0,0,0,0,0,0,0,0,0,0,0,0,0
Melampyrum pratense L.,Magnoliopsida,Lamiales,Orobanchaceae,Melampyrum,pratense,0,Melampyrum pratense L.,SPECIES,L.,Melampyrum pratense L.,0,0,0,0,0,0,0,0,0,0,0,0,0,0,0,0,0,0,0,0,0,0,0,0,0,0,0,0,0,0,0,0,0,0,0,0,0,0,0,0,0,0,0,8,0,0,0,0,0,0,0,0,0,0,0,0,0,0,0,0,0,0,0,0,0,0,0,0
Pimpinella saxifraga L.,Magnoliopsida,Apiales,Apiaceae,Pimpinella,saxifraga,0,Pimpinella saxifraga L.,SPECIES,L.,Pimpinella saxifraga L.,0,0,0,0,0,0,0,0,0,0,0,0,0,0,0,0,0,0,0,0,0,0,0,0,0,0,0,0,0,0,0,0,0,0,0,0,0,0,0,0,0,35,0,0,0,0,4,0,0,0,0,0,0,0,0,0,0,0,0,0,0,0,0,0,0,0,0,0
Poa pratensis L.,Liliopsida,Poales,Poaceae,Poa,pratensis,0,Poa pratensis L.,SPECIES,L.,Poa pratensis L.,0,0,0,0,0,0,0,0,0,0,0,0,0,0,0,0,0,0,0,0,0,0,0,0,0,0,0,0,0,0,0,0,0,0,0,0,0,0,0,0,0,0,0,12,0,0,0,0,0,0,0,0,0,0,0,0,0,0,0,0,0,0,0,0,0,0,0,0
Ranunculus acris L.,Magnoliopsida,Ranunculales,Ranunculaceae,Ranunculus,acris,0,Ranunculus acris L.,SPECIES,L.,Ranunculus acris L.,0,0,0,0,0,0,0,0,0,0,0,0,0,0,0,0,0,0,0,0,0,0,0,0,0,0,0,0,0,0,0,0,0,0,0,0,0,0,0,0,0,0,0,10,0,0,0,0,0,0,0,0,0,0,0,0,0,0,0,0,0,0,0,0,0,0,0,0
Senecio grandidentatus Ledeb.,Magnoliopsida,Asterales,Asteraceae,Jacobaea,erucifolia,1,Senecio grandidentatus Ledeb.,SPECIES,"(L.) G.Gaertn., B.Mey. & Scherb.","Jacobaea erucifolia (L.) G.Gaertn., B.Mey. & Scherb.",0,0,0,0,0,0,0,0,0,0,0,0,0,0,0,0,0,0,0,0,0,0,0,0,0,0,0,0,0,0,0,0,0,0,0,0,0,0,0,0,0,0,0,15,0,0,0,0,0,0,0,0,0,0,0,0,0,0,0,0,0,0,0,0,0,0,0,0
Sium sisarum L.,Magnoliopsida,Apiales,Apiaceae,Sium,sisarum,0,Sium sisarum L.,SPECIES,L.,Sium sisarum L.,0,0,0,0,0,0,0,0,0,0,0,0,0,0,0,0,0,0,0,0,0,0,0,0,0,0,0,0,0,0,0,0,0,0,0,0,0,0,0,0,0,0,0,40,0,0,0,0,0,0,0,0,0,0,0,0,0,0,0,0,0,0,0,0,0,0,0,0
Asperula cynanchica L.,Magnoliopsida,Gentianales,Rubiaceae,Cynanchica,pyrenaica,1,Asperula cynanchica L.,SPECIES,(L.) P.Caputo & Del Guacchio,Cynanchica pyrenaica (L.) P.Caputo & Del Guacchio,0,0,0,0,0,0,0,0,0,0,0,0,0,0,0,0,0,0,0,0,0,0,0,0,0,0,0,0,0,0,0,0,0,0,0,0,0,0,0,0,0,0,0,0,3,0,0,0,0,0,0,0,0,0,0,0,0,0,0,0,0,0,0,0,0,0,0,0
Euphorbia kaleniczenkoi Czern.,Magnoliopsida,Malpighiales,Euphorbiaceae,Euphorbia,esula,1,Euphorbia kaleniczenkoi Czern.,SPECIES,L.,Euphorbia esula L.,0,0,0,0,0,0,0,0,0,0,0,0,0,0,0,0,0,0,0,0,0,0,0,0,0,0,0,0,0,0,0,0,0,0,0,0,0,0,0,0,0,0,0,0,10,0,11,0,4,0,0,0,0,0,0,0,0,0,0,0,0,0,0,0,0,0,0,0
Gypsophila oligosperma Krasnova,Magnoliopsida,Caryophyllales,Caryophyllaceae,Gypsophila,oligosperma,0,Gypsophila oligosperma A. Krasnova,SPECIES,Krasnova,Gypsophila oligosperma Krasnova,0,0,0,0,0,0,0,0,0,0,0,0,0,0,0,0,0,0,0,0,0,0,0,0,0,0,0,0,0,0,0,0,0,0,0,0,0,0,0,0,0,0,0,0,0,0,5,0,0,0,0,0,0,0,0,0,0,0,0,0,0,0,0,0,0,0,0,0
Limonium sareptanum (A.K.Becker) Gams,Magnoliopsida,Caryophyllales,Plumbaginaceae,Limonium,sareptanum,0,Limonium sareptanum (A. Becker) Gams,SPECIES,(A.K.Becker) Gams,Limonium sareptanum (A.K.Becker) Gams,0,0,0,0,0,0,0,0,0,0,0,0,0,0,0,0,0,0,0,0,0,0,0,0,0,0,0,0,0,0,0,0,0,0,0,0,0,0,0,0,0,0,0,0,4,0,4,0,0,0,0,0,0,0,0,0,0,0,0,0,0,0,0,0,0,0,0,0
Tragopogon major Jacq.,Magnoliopsida,Asterales,Asteraceae,Tragopogon,dubius,1,Tragopogon major Jacq.,SPECIES,Scop.,Tragopogon dubius Scop.,0,0,0,0,0,0,0,0,0,0,0,0,0,0,0,0,0,0,0,0,0,0,0,0,0,0,0,0,0,0,0,0,0,0,0,0,0,0,0,0,0,0,0,0,0,4,0,0,0,0,0,0,0,0,0,0,0,0,0,0,0,0,0,0,0,0,0,0
Alcea rosea L.,Magnoliopsida,Malvales,Malvaceae,Alcea,rosea,0,Alcea rosea L.,SPECIES,L.,Alcea rosea L.,0,0,0,0,0,0,0,0,0,0,0,0,0,0,0,0,0,0,0,0,0,0,0,0,0,0,0,0,0,0,0,0,0,0,0,0,0,0,0,0,0,0,0,0,0,0,0,0,2,0,0,0,0,0,0,0,0,0,0,0,0,0,0,0,0,0,0,0
Bupleurum rotundifolium L.,Magnoliopsida,Apiales,Apiaceae,Bupleurum,rotundifolium,0,Bupleurum rotundifolium L.,SPECIES,L.,Bupleurum rotundifolium L.,0,0,0,0,0,0,0,0,0,0,0,0,0,0,0,0,0,0,0,0,0,0,0,0,0,0,0,0,0,0,0,0,0,0,0,0,0,0,0,0,0,0,0,0,0,0,0,0,0,11,15,0,0,0,0,0,0,0,0,0,0,0,0,0,0,0,0,0
Ferula euxina Pimenov,Magnoliopsida,Apiales,Apiaceae,Ferula,euxina,0,Ferula euxina M.Pimen.,SPECIES,Pimenov,Ferula euxina Pimenov,0,0,0,0,0,0,0,0,0,0,0,0,0,0,0,0,0,0,0,0,0,0,0,0,0,0,0,0,0,0,0,0,0,0,0,0,0,0,0,0,0,0,0,0,0,0,0,0,0,6,0,0,0,0,0,0,0,0,0,0,0,0,0,0,0,0,0,0
Lactuca tatarica (L.) C.A.Mey.,Magnoliopsida,Asterales,Asteraceae,Lactuca,tatarica,0,Lactuca tatarica (L.) C.A. Mey.,SPECIES,(L.) C.A.Mey.,Lactuca tatarica (L.) C.A.Mey.,0,0,0,0,0,0,0,0,0,0,0,0,0,0,0,0,0,0,0,0,0,0,0,0,0,0,0,0,0,0,0,0,0,0,0,0,0,0,0,0,0,0,0,0,0,0,0,3,0,0,0,0,0,0,0,0,0,0,0,0,0,0,0,0,0,0,0,0
Onopordum acanthium L.,Magnoliopsida,Asterales,Asteraceae,Onopordum,acanthium,0,Onopordum acanthium L.,SPECIES,L.,Onopordum acanthium L.,0,0,0,0,0,0,0,0,0,0,0,0,0,0,0,0,0,0,0,0,0,0,0,0,0,0,0,0,0,0,0,0,0,0,0,0,0,0,0,0,0,0,0,0,0,0,0,0,0,4,7,0,0,0,0,0,0,0,0,0,0,0,0,0,0,0,0,0
Tanacetum vulgare L.,Magnoliopsida,Asterales,Asteraceae,Tanacetum,vulgare,0,Tanacetum vulgare L.,SPECIES,L.,Tanacetum vulgare L.,0,0,0,0,0,0,0,0,0,0,0,0,0,0,0,0,0,0,0,0,0,0,0,0,0,0,0,0,0,0,0,0,0,0,0,0,0,0,0,0,0,0,0,0,0,0,0,0,0,0,0,0,40,0,0,0,0,0,0,0,0,0,0,0,0,0,0,0
Goniolimon tataricum (L.) Boiss.,Magnoliopsida,Caryophyllales,Plumbaginaceae,Goniolimon,tataricum,0,Goniolimon tataricum (L.) Boiss.,SPECIES,(L.) Boiss.,Goniolimon tataricum (L.) Boiss.,0,0,0,0,0,0,0,0,0,0,0,0,0,0,0,0,0,0,0,0,0,0,0,0,0,0,0,0,0,0,0,0,0,0,0,0,0,0,0,0,0,0,0,0,0,0,0,0,0,0,0,0,0,0,0,2,0,0,0,0,0,0,0,0,0,0,0,0
Gypsophila paniculata L.,Magnoliopsida,Caryophyllales,Caryophyllaceae,Gypsophila,paniculata,0,Gypsophila paniculata L.,SPECIES,L.,Gypsophila paniculata L.,0,0,0,0,0,0,0,0,0,0,0,0,0,0,0,0,0,0,0,0,0,0,0,0,0,0,0,0,0,0,0,0,0,0,0,0,0,0,0,0,0,0,0,0,0,0,0,0,0,0,0,0,0,0,16,4,0,0,0,0,0,0,0,0,0,0,0,5
Helichrysum arenarium (L.) Moench,Magnoliopsida,Asterales,Asteraceae,Helichrysum,arenarium,0,Helichrysum arenarium (L.) Moench,SPECIES,(L.) Moench,Helichrysum arenarium (L.) Moench,0,0,0,0,0,0,0,0,0,0,0,0,0,0,0,0,0,0,0,0,0,0,0,0,0,0,0,0,0,0,0,0,0,0,0,0,0,0,0,0,0,0,0,0,0,0,0,0,0,0,0,0,0,0,11,0,0,0,6,8,0,0,0,0,0,0,12,0
Melampyrum arvense L.,Magnoliopsida,Lamiales,Orobanchaceae,Melampyrum,arvense,0,Melampyrum arvense L.,SPECIES,L.,Melampyrum arvense L.,0,0,0,0,0,0,0,0,0,0,0,0,0,0,0,0,0,0,0,0,0,0,0,0,0,0,0,0,0,0,0,0,0,0,0,0,0,0,0,0,0,0,0,0,0,0,0,0,0,0,0,0,0,0,2,0,0,3,8,0,0,0,0,0,0,0,0,0
Pseudolysimachion incanum (L.) Holub,Magnoliopsida,Lamiales,Plantaginaceae,Veronica,incana,1,Pseudolysimachion incanum (L.) Holub,SPECIES,L.,Veronica incana L.,0,0,0,0,0,0,0,0,0,0,0,0,0,0,0,0,0,0,0,0,0,0,0,0,0,0,0,0,0,0,0,0,0,0,0,0,0,0,0,0,0,0,0,0,0,0,0,0,0,0,0,0,0,0,2,0,0,0,0,0,0,0,0,0,0,0,0,0
Anisantha sterilis (L.) Nevski,Liliopsida,Poales,Poaceae,Bromus,sterilis,1,Anisantha sterilis (L.) Nevski,SPECIES,L.,Bromus sterilis L.,0,0,0,0,0,0,0,0,0,0,0,0,0,0,0,0,0,0,0,0,0,0,0,0,0,0,0,0,0,0,0,0,0,0,0,0,0,0,0,0,0,0,0,0,0,0,0,0,0,0,0,0,0,0,0,0,0,0,6,0,0,0,0,0,0,0,0,0
Cirsium setosum (Willd.) Besser,Magnoliopsida,Asterales,Asteraceae,Cirsium,arvense,1,Cirsium setosum (Willd.) Besser,SPECIES,(L.) Scop.,Cirsium arvense (L.) Scop.,0,0,0,0,0,0,0,0,0,0,0,0,0,0,0,0,0,0,0,0,0,0,0,0,0,0,0,0,0,0,0,0,0,0,0,0,0,0,0,0,0,0,0,0,0,0,0,0,0,0,0,0,0,0,0,0,0,15,25,16,25,30,0,0,0,0,0,0
Matricaria recutita L.,Magnoliopsida,Asterales,Asteraceae,Matricaria,chamomilla,1,Matricaria recutita L.,SPECIES,L.,Matricaria chamomilla L.,0,0,0,0,0,0,0,0,0,0,0,0,0,0,0,0,0,0,0,0,0,0,0,0,0,0,0,0,0,0,0,0,0,0,0,0,0,0,0,0,0,0,0,0,0,0,0,0,0,0,0,0,0,0,0,0,0,0,0,0,5,0,0,0,0,0,0,0
Phalacroloma annuum (L.) Dumort.,Magnoliopsida,Asterales,Asteraceae,Erigeron,annuus,1,Phalacroloma annuum (L.) Dumort s.l.,SPECIES,(L.) Pers.,Erigeron annuus (L.) Pers.,0,0,0,0,0,0,0,0,0,0,0,0,0,0,0,0,0,0,0,0,0,0,0,0,0,0,0,0,0,0,0,0,0,0,0,0,0,0,0,0,0,0,0,0,0,0,0,0,0,0,0,0,0,0,0,0,0,0,0,0,17,0,0,0,0,0,0,0
Seseli campestre Besser,Magnoliopsida,Apiales,Apiaceae,Seseli,campestre,0,Seseli campestre Besser,SPECIES,Besser,Seseli campestre Besser,0,0,0,0,0,0,0,0,0,0,0,0,0,0,0,0,0,0,0,0,0,0,0,0,0,0,0,0,0,0,0,0,0,0,0,0,0,0,0,0,0,0,0,0,0,0,0,0,0,0,0,0,0,0,0,0,0,0,1,0,0,0,0,0,0,0,0,0
Allium inaequale Janka,Liliopsida,Asparagales,Amaryllidaceae,Allium,inaequale,0,Allium inaequale Janka,SPECIES,Janka,Allium inaequale Janka,0,0,0,0,0,0,0,0,0,0,0,0,0,0,0,0,0,0,0,0,0,0,0,0,0,0,0,0,0,0,0,0,0,0,0,0,0,0,0,0,0,0,0,0,0,0,0,0,0,0,0,0,0,0,0,0,0,0,0,0,0,0,0,2,3,0,0,0
Jurinea granitica Klokov,Magnoliopsida,Asterales,Asteraceae,Jurinea,ewersmanii,1,Jurinea granitica Klokov,SPECIES,Bunge,Jurinea ewersmanii Bunge,0,0,0,0,0,0,0,0,0,0,0,0,0,0,0,0,0,0,0,0,0,0,0,0,0,0,0,0,0,0,0,0,0,0,0,0,0,0,0,0,0,0,0,0,0,0,0,0,0,0,0,0,0,0,0,0,0,0,0,0,0,0,0,0,0,0,2,0
Odontites luteus (L.) Clairv.,Magnoliopsida,Lamiales,Orobanchaceae,Odontites,luteus,0,Odontites luteus (L.) Clairv.,SPECIES,(L.) Clairv.,Odontites luteus (L.) Clairv.,0,0,0,0,0,0,0,0,0,0,0,0,0,0,0,0,0,0,0,0,0,0,0,0,0,0,0,0,0,0,0,0,0,0,0,0,0,0,0,0,0,0,0,0,0,0,0,0,0,0,0,0,0,0,0,0,0,0,0,0,0,0,3,0,1,0,0,0
Pulsatilla bohemica (Skalický) Tzvelev,Magnoliopsida,Ranunculales,Ranunculaceae,Pulsatilla,pratensis,1,Pulsatilla bohemica (Scalický) Tzvelev,SPECIES,(L.) Mill.,Pulsatilla pratensis (L.) Mill.,0,0,0,0,0,0,0,0,0,0,0,0,0,0,0,0,0,0,0,0,0,0,0,0,0,0,0,0,0,0,0,0,0,0,0,0,0,0,0,0,0,0,0,0,0,0,0,0,0,0,0,0,0,0,0,0,0,0,0,0,0,0,0,0,0,0,8,15
